real_missing_prop,real_prop,pred_prop,pred_prop_2017,predset,year,pred_state,model,n,n_non_missing
0.0138840448285198,0.0539962582515571,0.0568477021744536,0.0611917075344567,Using Identity Responses,2013,NH,lasso,1634,1634
0.0435791997976377,0.0541399534169904,0.0596972361494315,0.0596972361494315,Using Identity Responses,2017,NH,lasso,12050,12050
0.0138840448285198,0.0539962582515571,0.0665810331683339,0.070925038528337,Not Using Identity Responses,2013,NH,lasso,1634,1634
0.0435791997976377,0.0541399534169904,0.0566920926277285,0.0566920926277285,Not Using Identity Responses,2017,NH,lasso,12050,12050
