real_missing_prop,real_prop,pred_prop,pred_prop_2017,predset,year,pred_state,model,n,n_non_missing
0.0680761458735566,0.0682562977142355,0.0537490901023181,0.0536033348748498,Using Identity Responses,2013,ME,gbrt,9017,9017
0.0873654588649256,0.0725037240773308,0.0599576575547299,0.0597545820394619,Using Identity Responses,2015,ME,gbrt,9605,9605
0.085695629125879,0.0804764767521303,0.0651067151548277,0.0651067151548277,Using Identity Responses,2017,ME,gbrt,9501,9501
0.0680761458735566,0.0682562977142355,0.0578536703574254,0.0577615856507411,Not Using Identity Responses,2013,ME,gbrt,9017,9017
0.0873654588649256,0.0725037240773308,0.057215471510302,0.0571539506701287,Not Using Identity Responses,2015,ME,gbrt,9605,9605
0.085695629125879,0.0804764767521303,0.0551764961298203,0.0551764961298203,Not Using Identity Responses,2017,ME,gbrt,9501,9501
