real_missing_prop,real_prop,pred_prop,pred_prop_2017,predset,year,pred_state,model,n,n_non_missing
0.0628320115773316,0.0883018728686737,0.0803647980768058,0.0802555009479998,Using Identity Responses,2015,WV,gbrt,1622,1622
0.0702397702185108,0.0723146162705365,0.0711007544803636,0.0711007544803636,Using Identity Responses,2017,WV,gbrt,1563,1563
0.0628320115773316,0.0883018728686737,0.0776760963584276,0.0775486609316718,Not Using Identity Responses,2015,WV,gbrt,1622,1622
0.0702397702185108,0.0723146162705365,0.0745839981882011,0.0745839981882011,Not Using Identity Responses,2017,WV,gbrt,1563,1563
