real_missing_prop,real_prop,pred_prop,pred_prop_2017,predset,year,pred_state,model,n,n_non_missing
0.0680761458735566,0.0682562977142355,0.0454638549402703,0.0495494173349692,Using Identity Responses,2013,ME,ridge,9017,9017
0.0873654588649256,0.0725037240773308,0.0589169397757241,0.054582287166459,Using Identity Responses,2015,ME,ridge,9605,9605
0.085695629125879,0.0804764767521303,0.0640750785651952,0.0640750785651952,Using Identity Responses,2017,ME,ridge,9501,9501
0.0680761458735566,0.0682562977142355,0.050744818000438,0.0548303803951369,Not Using Identity Responses,2013,ME,ridge,9017,9017
0.0873654588649256,0.0725037240773308,0.0569035721322462,0.0525689195229811,Not Using Identity Responses,2015,ME,ridge,9605,9605
0.085695629125879,0.0804764767521303,0.054638160439074,0.054638160439074,Not Using Identity Responses,2017,ME,ridge,9501,9501
