real_missing_prop,real_prop,pred_prop,pred_prop_2017,predset,year,pred_state,model,n,n_non_missing
0.205982306447239,0.055827309140966,0.0588712345883107,0.0613111791121816,Using Identity Responses,2013,NC,lasso,1846,1846
0.0824340857905089,0.0692219209963767,0.0790776436308694,0.0761187958842164,Using Identity Responses,2015,NC,lasso,6178,6178
0.076857769911009,0.0818405304321545,0.0849435280434195,0.0849435280434195,Using Identity Responses,2017,NC,lasso,3151,3151
0.205982306447239,0.055827309140966,0.0669684866684777,0.0694084311923486,Not Using Identity Responses,2013,NC,lasso,1846,1846
0.0824340857905089,0.0692219209963767,0.0801831649252563,0.0772243171786033,Not Using Identity Responses,2015,NC,lasso,6178,6178
0.076857769911009,0.0818405304321545,0.0790055649980786,0.0790055649980786,Not Using Identity Responses,2017,NC,lasso,3151,3151
