real_missing_prop,real_prop,pred_prop,pred_prop_2017,predset,year,pred_state,model,n,n_non_missing
0.0628862548161583,0.0464356142435874,0.064991937048128,0.0646764527458045,Using Identity Responses,2015,OK,rf,1611,1611
0.0656633261002859,0.0674285541069115,0.0812183525997653,0.0812183525997653,Using Identity Responses,2017,OK,rf,1649,1649
0.0628862548161583,0.0464356142435874,0.0650727014590069,0.0649818603738911,Not Using Identity Responses,2015,OK,rf,1611,1611
0.0656633261002859,0.0674285541069115,0.0728811374236773,0.0728811374236773,Not Using Identity Responses,2017,OK,rf,1649,1649
