real_missing_prop,real_prop,pred_prop,pred_prop_2017,predset,year,pred_state,model,n,n_non_missing
0.0581659933174896,0.066610480970986,0.0730647692493031,0.0664502394197691,Using Identity Responses,2015,PA,logit,2899,2899
0.0624572197480032,0.0620686473639098,0.097947975180976,0.097947975180976,Using Identity Responses,2017,PA,logit,3761,3761
0.0581659933174896,0.066610480970986,0.0804845337050944,0.0710455876178822,Not Using Identity Responses,2015,PA,logit,2899,2899
0.0624572197480032,0.0620686473639098,0.110510121464278,0.110510121464278,Not Using Identity Responses,2017,PA,logit,3761,3761
