real_missing_prop,real_prop,pred_prop,pred_prop_2017,predset,year,pred_state,model,n,n_non_missing
0.145158583153022,0.0549738518384384,0.0924979176111501,0.0848628013507746,Using Identity Responses,2015,CT,ols,2398,2398
0.0982263369232407,0.0824293876381043,0.086392169317447,0.086392169317447,Using Identity Responses,2017,CT,ols,2425,2425
0.145158583153022,0.0549738518384384,0.0923894991390401,0.0847543828786646,Not Using Identity Responses,2015,CT,ols,2398,2398
0.0982263369232407,0.0824293876381043,0.0816351015885605,0.0816351015885605,Not Using Identity Responses,2017,CT,ols,2425,2425
