real_missing_prop,real_prop,pred_prop,pred_prop_2017,predset,year,pred_state,model,n,n_non_missing
0.0257603147391147,0.0572588408954186,0.0532500643777587,0.0563623881503592,Using Identity Responses,2013,WI,ridgelog,2843,2843
0.0596697781287255,0.0573642161677739,0.0492484544333553,0.0492484544333553,Using Identity Responses,2017,WI,ridgelog,2067,2067
0.0257603147391147,0.0572588408954186,0.0606207549833512,0.064870599303875,Not Using Identity Responses,2013,WI,ridgelog,2843,2843
0.0596697781287255,0.0573642161677739,0.0427124371314928,0.0427124371314928,Not Using Identity Responses,2017,WI,ridgelog,2067,2067
