real_missing_prop,real_prop,pred_prop,pred_prop_2017,predset,year,pred_state,model,n,n_non_missing
0.0330229166446991,0.0543458809961899,0.07113337126101,0.0714257948296053,Not Using Identity Responses,2013,KY,rf,1626,1626
0.0749920780947976,0.0802062244706853,0.0843393270126277,0.0840654660696956,Using Identity Responses,2015,KY,rf,2577,2577
0.0914501789160965,0.0721530462238808,0.0831716607178153,0.0831716607178153,Using Identity Responses,2017,KY,rf,1997,1997
0.0749920780947976,0.0802062244706853,0.0754008865765123,0.0756842358167652,Not Using Identity Responses,2015,KY,rf,2577,2577
0.0914501789160965,0.0721530462238808,0.0702710666151279,0.0702710666151279,Not Using Identity Responses,2017,KY,rf,1997,1997
