real_missing_prop,real_prop,pred_prop,pred_prop_2017,predset,year,pred_state,model,n,n_non_missing
0.0326406886038755,0.057018080195718,0.0586754806291424,0.0587504205420421,Using Identity Responses,2013,MI,gbrt,4266,4266
0.0646886156274887,0.0683971468076034,0.0674957516967138,0.067465447025344,Using Identity Responses,2015,MI,gbrt,4816,4816
0.0682827342638458,0.074250365940148,0.0814072854611801,0.0814072854611801,Using Identity Responses,2017,MI,gbrt,1626,1626
0.0326406886038755,0.057018080195718,0.0604152139379457,0.0605251529415384,Not Using Identity Responses,2013,MI,gbrt,4266,4266
0.0646886156274887,0.0683971468076034,0.0655002651225759,0.0655072512053368,Not Using Identity Responses,2015,MI,gbrt,4816,4816
0.0682827342638458,0.074250365940148,0.082278969683814,0.082278969683814,Not Using Identity Responses,2017,MI,gbrt,1626,1626
