real_missing_prop,real_prop,pred_prop,pred_prop_2017,predset,year,pred_state,model,n,n_non_missing
0.0273171558259838,0.0724316693226179,0.0821477020381278,0.0858465859936396,Using Identity Responses,2013,IL,lasso,3276,3276
0.0972434439300967,0.0720010803754207,0.0737151777218976,0.0709259030017606,Using Identity Responses,2015,IL,lasso,3282,3282
0.112063048247115,0.0737981062313222,0.0848900085934882,0.0848900085934882,Using Identity Responses,2017,IL,lasso,5010,5010
0.0273171558259838,0.0724316693226179,0.0840652429527733,0.0877641269082851,Not Using Identity Responses,2013,IL,lasso,3276,3276
0.0972434439300967,0.0720010803754207,0.0725212118168596,0.0697319370967226,Not Using Identity Responses,2015,IL,lasso,3282,3282
0.112063048247115,0.0737981062313222,0.0795920877424808,0.0795920877424808,Not Using Identity Responses,2017,IL,lasso,5010,5010
