real_missing_prop,real_prop,pred_prop,pred_prop_2017,predset,year,pred_state,model,n,n_non_missing
0.0330229166446991,0.0543458809961899,-0.0102845433106099,0.00077559992381611,Not Using Identity Responses,2013,KY,ols,1626,1626
0.0749920780947976,0.0802062244706853,0.0542969738315817,0.0502736314903864,Using Identity Responses,2015,KY,ols,2577,2577
0.0914501789160965,0.0721530462238808,0.0304062715942388,0.0304062715942388,Using Identity Responses,2017,KY,ols,1997,1997
0.0749920780947976,0.0802062244706853,0.0560115909627018,0.0519882486215065,Not Using Identity Responses,2015,KY,ols,2577,2577
0.0914501789160965,0.0721530462238808,0.0252178048949739,0.0252178048949739,Not Using Identity Responses,2017,KY,ols,1997,1997
