real_missing_prop,real_prop,pred_prop,pred_prop_2017,predset,year,pred_state,model,n,n_non_missing
0.103232298207,0.0598498059789126,0.0494877080024528,0.0525478158187407,Using Identity Responses,2013,DE,logit,2756,2756
0.0886600326547372,0.0497653161260534,0.0855538930722691,0.0812733098619544,Using Identity Responses,2015,DE,logit,2777,2777
0.0817055147882079,0.0693096591178337,0.0674486942668578,0.0674486942668578,Using Identity Responses,2017,DE,logit,2906,2906
0.103232298207,0.0598498059789126,0.0523295494588826,0.0565964208912634,Not Using Identity Responses,2013,DE,logit,2756,2756
0.0886600326547372,0.0497653161260534,0.0994372881863401,0.0932317961558621,Not Using Identity Responses,2015,DE,logit,2777,2777
0.0817055147882079,0.0693096591178337,0.0647306480039316,0.0647306480039316,Not Using Identity Responses,2017,DE,logit,2906,2906
