real_missing_prop,real_prop,pred_prop,pred_prop_2017,predset,year,pred_state,model,n,n_non_missing
0.0170417754007265,0.0711420764216082,0.0301014071533527,0.0334862800806934,Using Identity Responses,2013,RI,logit,2453,2453
0.068952211845543,0.0684448520853534,0.0545497014961442,0.0513207321995872,Using Identity Responses,2015,RI,logit,3462,3462
0.0830788603725762,0.0746577576826084,0.0630221869931334,0.0630221869931334,Using Identity Responses,2017,RI,logit,2221,2221
0.0170417754007265,0.0711420764216082,0.0255608973617008,0.029307033896977,Not Using Identity Responses,2013,RI,logit,2453,2453
0.068952211845543,0.0684448520853534,0.0475066844909825,0.0436577561281234,Not Using Identity Responses,2015,RI,logit,3462,3462
0.0830788603725762,0.0746577576826084,0.0570171781709167,0.0570171781709167,Not Using Identity Responses,2017,RI,logit,2221,2221
