real_missing_prop,real_prop,pred_prop,pred_prop_2017,predset,year,pred_state,model,n,n_non_missing
0.103232298207,0.0598498059789126,0.0639103409613263,0.0672569338053786,Using Identity Responses,2013,DE,lasso,2756,2756
0.0886600326547372,0.0497653161260534,0.0768733630818341,0.0739049235331458,Using Identity Responses,2015,DE,lasso,2777,2777
0.0817055147882079,0.0693096591178337,0.0772742103877458,0.0772742103877458,Using Identity Responses,2017,DE,lasso,2906,2906
0.103232298207,0.0598498059789126,0.07069558525174,0.0740421780957924,Not Using Identity Responses,2013,DE,lasso,2756,2756
0.0886600326547372,0.0497653161260534,0.078415476836986,0.0754470372882977,Not Using Identity Responses,2015,DE,lasso,2777,2777
0.0817055147882079,0.0693096591178337,0.0725574611696726,0.0725574611696726,Not Using Identity Responses,2017,DE,lasso,2906,2906
