real_missing_prop,real_prop,pred_prop,pred_prop_2017,predset,year,pred_state,model,n,n_non_missing
0.0554105178800327,0.0594562024416133,0.0693250088331352,0.0654965206042244,Using Identity Responses,2015,MA,ridgelog,3120,3120
0.0632465907356478,0.0783309080054738,0.0701681901020133,0.0701681901020133,Using Identity Responses,2017,MA,ridgelog,3286,3286
0.0554105178800327,0.0594562024416133,0.0757077152490013,0.0706640772738103,Not Using Identity Responses,2015,MA,ridgelog,3120,3120
0.0632465907356478,0.0783309080054738,0.0663735540066241,0.0663735540066241,Not Using Identity Responses,2017,MA,ridgelog,3286,3286
