real_missing_prop,real_prop,pred_prop,pred_prop_2017,predset,year,pred_state,model,n,n_non_missing
0.0257603147391147,0.0572588408954186,0.0773752928418757,0.0877653440488978,Using Identity Responses,2013,WI,ols,2843,2843
0.0596697781287255,0.0573642161677739,0.032548063479775,0.032548063479775,Using Identity Responses,2017,WI,ols,2067,2067
0.0257603147391147,0.0572588408954186,0.0925339690175113,0.102924020224533,Not Using Identity Responses,2013,WI,ols,2843,2843
0.0596697781287255,0.0573642161677739,0.0324040043658354,0.0324040043658354,Not Using Identity Responses,2017,WI,ols,2067,2067
