real_missing_prop,real_prop,pred_prop,pred_prop_2017,predset,year,pred_state,model,n,n_non_missing
0.0326406886038755,0.057018080195718,0.0804258336518007,0.0937949357704744,Using Identity Responses,2013,MI,ols,4266,4266
0.0646886156274887,0.0683971468076034,0.106050526155977,0.10158157901763,Using Identity Responses,2015,MI,ols,4816,4816
0.0682827342638458,0.074250365940148,0.127161461361633,0.127161461361633,Using Identity Responses,2017,MI,ols,1626,1626
0.0326406886038755,0.057018080195718,0.0933036518079235,0.106672753926597,Not Using Identity Responses,2013,MI,ols,4266,4266
0.0646886156274887,0.0683971468076034,0.110896559699641,0.106427612561295,Not Using Identity Responses,2015,MI,ols,4816,4816
0.0682827342638458,0.074250365940148,0.128028651906956,0.128028651906956,Not Using Identity Responses,2017,MI,ols,1626,1626
