real_missing_prop,real_prop,pred_prop,pred_prop_2017,predset,year,pred_state,model,n,n_non_missing
0.0273171558259838,0.0724316693226179,0.0765670568596867,0.0767679552029684,Using Identity Responses,2013,IL,gbrt,3276,3276
0.0972434439300967,0.0720010803754207,0.0717181436123579,0.0718789769854023,Using Identity Responses,2015,IL,gbrt,3282,3282
0.112063048247115,0.0737981062313222,0.0784225430036693,0.0784225430036693,Using Identity Responses,2017,IL,gbrt,5010,5010
0.0273171558259838,0.0724316693226179,0.0768374507708443,0.0775839156700156,Not Using Identity Responses,2013,IL,gbrt,3276,3276
0.0972434439300967,0.0720010803754207,0.0633525301683887,0.0637677605508193,Not Using Identity Responses,2015,IL,gbrt,3282,3282
0.112063048247115,0.0737981062313222,0.0778118562826526,0.0778118562826526,Not Using Identity Responses,2017,IL,gbrt,5010,5010
