real_missing_prop,real_prop,pred_prop,pred_prop_2017,predset,year,pred_state,model,n,n_non_missing
0.0273171558259838,0.0724316693226179,0.14765457744232,0.155202926278596,Using Identity Responses,2013,IL,ols,3276,3276
0.0972434439300967,0.0720010803754207,0.0845512056636792,0.0784983886941046,Using Identity Responses,2015,IL,ols,3282,3282
0.112063048247115,0.0737981062313222,0.0983830280072255,0.0983830280072255,Using Identity Responses,2017,IL,ols,5010,5010
0.0273171558259838,0.0724316693226179,0.152351027555327,0.159899376391603,Not Using Identity Responses,2013,IL,ols,3276,3276
0.0972434439300967,0.0720010803754207,0.0861124893076307,0.0800596723380562,Not Using Identity Responses,2015,IL,ols,3282,3282
0.112063048247115,0.0737981062313222,0.0957161582278266,0.0957161582278266,Not Using Identity Responses,2017,IL,ols,5010,5010
