real_missing_prop,real_prop,pred_prop,pred_prop_2017,predset,year,pred_state,model,n,n_non_missing
0.0553485703200353,0.045497122389987,0.0478007882622921,0.0446185511730294,Using Identity Responses,2015,CA,ridge,1943,1943
0.0813759545860621,0.0676291130441184,0.0510029692207177,0.0510029692207177,Using Identity Responses,2017,CA,ridge,1778,1778
0.0553485703200353,0.045497122389987,0.047388617140269,0.0442063800510063,Not Using Identity Responses,2015,CA,ridge,1943,1943
0.0813759545860621,0.0676291130441184,0.0471285034291901,0.0471285034291901,Not Using Identity Responses,2017,CA,ridge,1778,1778
