real_missing_prop,real_prop,pred_prop,pred_prop_2017,predset,year,pred_state,model,n,n_non_missing
0.0647880202978995,0.0706482542917719,0.0768593871174933,0.0748759949918563,Using Identity Responses,2015,WY,lassolog,2424,2424
0.0647880202978995,0.0706482542917719,0.0811401853207773,0.0784407861339852,Not Using Identity Responses,2015,WY,lassolog,2424,2424
