real_missing_prop,real_prop,pred_prop,pred_prop_2017,predset,year,pred_state,model,n,n_non_missing
0.162426720149573,0.0764828982851909,0.0356543460712678,0.0327275221477499,Using Identity Responses,2015,NY,ridge,10834,10834
0.147185059255349,0.0679558600645151,0.0403200187411738,0.0403200187411738,Using Identity Responses,2017,NY,ridge,11411,11411
0.162426720149573,0.0764828982851909,0.0296118715099397,0.0266850475864218,Not Using Identity Responses,2015,NY,ridge,10834,10834
0.147185059255349,0.0679558600645151,0.0257029911021674,0.0257029911021674,Not Using Identity Responses,2017,NY,ridge,11411,11411
