real_missing_prop,real_prop,pred_prop,pred_prop_2017,predset,year,pred_state,model,n,n_non_missing
0.117882885513634,0.0729028083304109,0.0946429253304125,0.0939826944083858,Using Identity Responses,2015,AR,rf,2880,2880
0.16827659409229,0.109305608736529,0.110469277895447,0.110469277895447,Using Identity Responses,2017,AR,rf,1682,1682
0.117882885513634,0.0729028083304109,0.091459493550046,0.0910785420045291,Not Using Identity Responses,2015,AR,rf,2880,2880
0.16827659409229,0.109305608736529,0.104964338130594,0.104964338130594,Not Using Identity Responses,2017,AR,rf,1682,1682
