real_missing_prop,real_prop,pred_prop,pred_prop_2017,predset,year,pred_state,model,n,n_non_missing
0.0628862548161583,0.0464356142435874,0.0425554896059157,0.0386929938051833,Using Identity Responses,2015,OK,ridge,1611,1611
0.0656633261002859,0.0674285541069115,0.056580425657132,0.056580425657132,Using Identity Responses,2017,OK,ridge,1649,1649
0.0628862548161583,0.0464356142435874,0.0479368295155671,0.0440743337148347,Not Using Identity Responses,2015,OK,ridge,1611,1611
0.0656633261002859,0.0674285541069115,0.0521024109495459,0.0521024109495459,Not Using Identity Responses,2017,OK,ridge,1649,1649
