real_missing_prop,real_prop,pred_prop,pred_prop_2017,predset,year,pred_state,model,n,n_non_missing
0.064665114205184,0.0777399937819476,0.0805617179472174,0.0775039327874513,Using Identity Responses,2015,NM,ridge,8304,8304
0.0780087830218712,0.0782656168160385,0.0912039032255487,0.0912039032255487,Using Identity Responses,2017,NM,ridge,5781,5781
0.064665114205184,0.0777399937819476,0.0711767599948406,0.0681189748350745,Not Using Identity Responses,2015,NM,ridge,8304,8304
0.0780087830218712,0.0782656168160385,0.0805256767357633,0.0805256767357633,Not Using Identity Responses,2017,NM,ridge,5781,5781
