real_missing_prop,real_prop,pred_prop,pred_prop_2017,predset,year,pred_state,model,n,n_non_missing
0.0680761458735566,0.0682562977142355,0.0446715925089486,0.0469360224075799,Using Identity Responses,2013,ME,ridgelog,9017,9017
0.0873654588649256,0.0725037240773308,0.05456411683009,0.0521262233316835,Using Identity Responses,2015,ME,ridgelog,9605,9605
0.085695629125879,0.0804764767521303,0.059900730907868,0.059900730907868,Using Identity Responses,2017,ME,ridgelog,9501,9501
0.0680761458735566,0.0682562977142355,0.0458918396927819,0.0488139514431709,Not Using Identity Responses,2013,ME,ridgelog,9017,9017
0.0873654588649256,0.0725037240773308,0.051800953240352,0.0489266351866818,Not Using Identity Responses,2015,ME,ridgelog,9605,9605
0.085695629125879,0.0804764767521303,0.0500404445905281,0.0500404445905281,Not Using Identity Responses,2017,ME,ridgelog,9501,9501
