real_missing_prop,real_prop,pred_prop,pred_prop_2017,predset,year,pred_state,model,n,n_non_missing
0.031843198606569,0.058238286683695,0.0864530647137979,0.0789498236805033,Using Identity Responses,2015,VT,ols,21013,21013
0.0381582277066812,0.0638054449770258,0.0554509856508377,0.0554509856508377,Using Identity Responses,2017,VT,ols,20653,20653
0.031843198606569,0.058238286683695,0.0918789203527006,0.084375679319406,Not Using Identity Responses,2015,VT,ols,21013,21013
0.0381582277066812,0.0638054449770258,0.0542145201891506,0.0542145201891506,Not Using Identity Responses,2017,VT,ols,20653,20653
