real_missing_prop,real_prop,pred_prop,pred_prop_2017,predset,year,pred_state,model,n,n_non_missing
0.0554105178800327,0.0594562024416133,0.0753512485352595,0.0704617317180865,Using Identity Responses,2015,MA,ridge,3120,3120
0.0632465907356478,0.0783309080054738,0.075173082316841,0.075173082316841,Using Identity Responses,2017,MA,ridge,3286,3286
0.0554105178800327,0.0594562024416133,0.0760968465132811,0.0712073296961081,Not Using Identity Responses,2015,MA,ridge,3120,3120
0.0632465907356478,0.0783309080054738,0.0710065821433228,0.0710065821433228,Not Using Identity Responses,2017,MA,ridge,3286,3286
