real_missing_prop,real_prop,pred_prop,pred_prop_2017,predset,year,pred_state,model,n,n_non_missing
0.0138840448285198,0.0539962582515571,0.0489442214655364,0.060917760573213,Using Identity Responses,2013,NH,ols,1634,1634
0.0435791997976377,0.0541399534169904,0.0624339284174677,0.0624339284174677,Using Identity Responses,2017,NH,ols,12050,12050
0.0138840448285198,0.0539962582515571,0.0615913727912594,0.0735649118989361,Not Using Identity Responses,2013,NH,ols,1634,1634
0.0435791997976377,0.0541399534169904,0.06219634702295,0.06219634702295,Not Using Identity Responses,2017,NH,ols,12050,12050
