real_missing_prop,real_prop,pred_prop,pred_prop_2017,predset,year,pred_state,model,n,n_non_missing
0.0326406886038755,0.057018080195718,0.0659937611144455,0.0658953063706411,Using Identity Responses,2013,MI,rf,4266,4266
0.0646886156274887,0.0683971468076034,0.0726450623401213,0.0722851223920309,Using Identity Responses,2015,MI,rf,4816,4816
0.0682827342638458,0.074250365940148,0.0823136241733272,0.0823136241733272,Using Identity Responses,2017,MI,rf,1626,1626
0.0326406886038755,0.057018080195718,0.0625917381450678,0.0627244360150842,Not Using Identity Responses,2013,MI,rf,4266,4266
0.0646886156274887,0.0683971468076034,0.0652655553619439,0.0653187277361122,Not Using Identity Responses,2015,MI,rf,4816,4816
0.0682827342638458,0.074250365940148,0.0784754813287533,0.0784754813287533,Not Using Identity Responses,2017,MI,rf,1626,1626
