real_missing_prop,real_prop,pred_prop,pred_prop_2017,predset,year,pred_state,model,n,n_non_missing
0.0553485703200353,0.045497122389987,0.0283514480390484,0.0276067285608403,Using Identity Responses,2015,CA,ols,1943,1943
0.0813759545860621,0.0676291130441184,0.0127308836693482,0.0127308836693482,Using Identity Responses,2017,CA,ols,1778,1778
0.0553485703200353,0.045497122389987,0.0340360404079911,0.033291320929783,Not Using Identity Responses,2015,CA,ols,1943,1943
0.0813759545860621,0.0676291130441184,0.0143583371767656,0.0143583371767656,Not Using Identity Responses,2017,CA,ols,1778,1778
