real_missing_prop,real_prop,pred_prop,pred_prop_2017,predset,year,pred_state,model,n,n_non_missing
0.205982306447239,0.055827309140966,0.0756013232893481,0.0754018967230814,Using Identity Responses,2013,NC,rf,1846,1846
0.0824340857905089,0.0692219209963767,0.077632805634598,0.0771941498663169,Using Identity Responses,2015,NC,rf,6178,6178
0.076857769911009,0.0818405304321545,0.0825967013613054,0.0825967013613054,Using Identity Responses,2017,NC,rf,3151,3151
0.205982306447239,0.055827309140966,0.0694158211036355,0.0695086389307556,Not Using Identity Responses,2013,NC,rf,1846,1846
0.0824340857905089,0.0692219209963767,0.072699289683613,0.0725734328406689,Not Using Identity Responses,2015,NC,rf,6178,6178
0.076857769911009,0.0818405304321545,0.0721756821288385,0.0721756821288385,Not Using Identity Responses,2017,NC,rf,3151,3151
