real_missing_prop,real_prop,pred_prop,pred_prop_2017,predset,year,pred_state,model,n,n_non_missing
0.0138840448285198,0.0539962582515571,0.0747622874523295,0.0811258066140408,Using Identity Responses,2013,NH,ridge,1634,1634
0.0435791997976377,0.0541399534169904,0.0594935572260035,0.0594935572260035,Using Identity Responses,2017,NH,ridge,12050,12050
0.0138840448285198,0.0539962582515571,0.079980169956772,0.0863436891184833,Not Using Identity Responses,2013,NH,ridge,1634,1634
0.0435791997976377,0.0541399534169904,0.0541903152478178,0.0541903152478178,Not Using Identity Responses,2017,NH,ridge,12050,12050
