real_missing_prop,real_prop,pred_prop,pred_prop_2017,predset,year,pred_state,model,n,n_non_missing
0.0138840448285198,0.0539962582515571,0.0609037444402832,0.0647637086319093,Using Identity Responses,2013,NH,lassolog,1634,1634
0.0435791997976377,0.0541399534169904,0.0638736814956442,0.0638736814956442,Using Identity Responses,2017,NH,lassolog,12050,12050
0.0138840448285198,0.0539962582515571,0.0726789942988027,0.0783092940891463,Not Using Identity Responses,2013,NH,lassolog,1634,1634
0.0435791997976377,0.0541399534169904,0.0620003485925192,0.0620003485925192,Not Using Identity Responses,2017,NH,lassolog,12050,12050
