real_missing_prop,real_prop,pred_prop,pred_prop_2017,predset,year,pred_state,model,n,n_non_missing
0.0581659933174896,0.066610480970986,0.0700618867517342,0.0699047322182877,Using Identity Responses,2015,PA,rf,2899,2899
0.0624572197480032,0.0620686473639098,0.073483944667863,0.073483944667863,Using Identity Responses,2017,PA,rf,3761,3761
0.0581659933174896,0.066610480970986,0.0616041107080968,0.0616275745966277,Not Using Identity Responses,2015,PA,rf,2899,2899
0.0624572197480032,0.0620686473639098,0.0684577354434186,0.0684577354434186,Not Using Identity Responses,2017,PA,rf,3761,3761
