real_missing_prop,real_prop,pred_prop,pred_prop_2017,predset,year,pred_state,model,n,n_non_missing
0.064665114205184,0.0777399937819476,0.0820112271833354,0.0796692237868374,Using Identity Responses,2015,NM,lasso,8304,8304
0.0780087830218712,0.0782656168160385,0.0898072738371097,0.0898072738371097,Using Identity Responses,2017,NM,lasso,5781,5781
0.064665114205184,0.0777399937819476,0.0739777101185603,0.0716357067220622,Not Using Identity Responses,2015,NM,lasso,8304,8304
0.0780087830218712,0.0782656168160385,0.080176709664583,0.080176709664583,Not Using Identity Responses,2017,NM,lasso,5781,5781
