real_missing_prop,real_prop,pred_prop,pred_prop_2017,predset,year,pred_state,model,n,n_non_missing
0.0554105178800327,0.0594562024416133,0.0640379579149456,0.0637147150516076,Using Identity Responses,2015,MA,rf,3120,3120
0.0632465907356478,0.0783309080054738,0.0698607255580907,0.0698607255580907,Using Identity Responses,2017,MA,rf,3286,3286
0.0554105178800327,0.0594562024416133,0.0594460903209243,0.0593338151316461,Not Using Identity Responses,2015,MA,rf,3120,3120
0.0632465907356478,0.0783309080054738,0.0583743209640457,0.0583743209640457,Not Using Identity Responses,2017,MA,rf,3286,3286
