real_missing_prop,real_prop,pred_prop,pred_prop_2017,predset,year,pred_state,model,n,n_non_missing
0.0628320115773316,0.0883018728686737,0.0896327394401861,0.0860362124420389,Using Identity Responses,2015,WV,ridge,1622,1622
0.0702397702185108,0.0723146162705365,0.0817376738985239,0.0817376738985239,Using Identity Responses,2017,WV,ridge,1563,1563
0.0628320115773316,0.0883018728686737,0.0853086248979415,0.0817120978997942,Not Using Identity Responses,2015,WV,ridge,1622,1622
0.0702397702185108,0.0723146162705365,0.0784885105120504,0.0784885105120504,Not Using Identity Responses,2017,WV,ridge,1563,1563
