real_missing_prop,real_prop,pred_prop,pred_prop_2017,predset,year,pred_state,model,n,n_non_missing
0.0620115715591052,0.0868048119329121,0.0804239810292321,0.0764457723332986,Using Identity Responses,2015,NV,ridge,1452,1452
0.0681226230916224,0.0867770629406395,0.0984621549046826,0.0984621549046826,Using Identity Responses,2017,NV,ridge,1667,1667
0.0620115715591052,0.0868048119329121,0.0756729250458508,0.0716947163499172,Not Using Identity Responses,2015,NV,ridge,1452,1452
0.0681226230916224,0.0867770629406395,0.0845827613442206,0.0845827613442206,Not Using Identity Responses,2017,NV,ridge,1667,1667
