real_missing_prop,real_prop,pred_prop,pred_prop_2017,predset,year,pred_state,model,n,n_non_missing
0.0250732034275241,0.0646944853761934,0.0706967391849786,0.0706636016305191,Using Identity Responses,2013,HI,rf,4631,4631
0.0935707236514574,0.0588180168301436,0.0761456192583054,0.0759036897478731,Using Identity Responses,2015,HI,rf,6089,6089
0.0991008699059348,0.0702698816680378,0.0802350807088738,0.0802350807088738,Using Identity Responses,2017,HI,rf,6031,6031
0.0250732034275241,0.0646944853761934,0.0733402034356736,0.0733620278678583,Not Using Identity Responses,2013,HI,rf,4631,4631
0.0935707236514574,0.0588180168301436,0.0703893071355078,0.0703962862370948,Not Using Identity Responses,2015,HI,rf,6089,6089
0.0991008699059348,0.0702698816680378,0.0689653584890414,0.0689653584890414,Not Using Identity Responses,2017,HI,rf,6031,6031
