real_missing_prop,real_prop,pred_prop,pred_prop_2017,predset,year,pred_state,model,n,n_non_missing
0.0581659933174896,0.066610480970986,0.0785959975152713,0.0758069745442442,Using Identity Responses,2015,PA,lasso,2899,2899
0.0624572197480032,0.0620686473639098,0.0854587490303857,0.0854587490303857,Using Identity Responses,2017,PA,lasso,3761,3761
0.0581659933174896,0.066610480970986,0.080936896273234,0.0781478733022069,Not Using Identity Responses,2015,PA,lasso,2899,2899
0.0624572197480032,0.0620686473639098,0.0846668202071968,0.0846668202071968,Not Using Identity Responses,2017,PA,lasso,3761,3761
