real_missing_prop,real_prop,pred_prop,pred_prop_2017,predset,year,pred_state,model,n,n_non_missing
0.145158583153022,0.0549738518384384,0.0778007605923684,0.0749294674419378,Using Identity Responses,2015,CT,lassolog,2398,2398
0.0982263369232407,0.0824293876381043,0.077138534060909,0.077138534060909,Using Identity Responses,2017,CT,lassolog,2425,2425
0.145158583153022,0.0549738518384384,0.0783979028880133,0.0748408983707791,Not Using Identity Responses,2015,CT,lassolog,2398,2398
0.0982263369232407,0.0824293876381043,0.0714204835568205,0.0714204835568205,Not Using Identity Responses,2017,CT,lassolog,2425,2425
