real_missing_prop,real_prop,pred_prop,pred_prop_2017,predset,year,pred_state,model,n,n_non_missing
0.0981604197978423,0.0657478082883377,0.0229311207973561,0.0244957819645024,Using Identity Responses,2013,FL,logit,6089,6089
0.0960359167901894,0.066263853581743,0.0249223923429495,0.0231147571658134,Using Identity Responses,2015,FL,logit,6359,6359
0.0780735170428381,0.0756363816315369,0.0296199628697646,0.0296199628697646,Using Identity Responses,2017,FL,logit,6171,6171
0.0981604197978423,0.0657478082883377,0.0183101893131558,0.0199142525531498,Not Using Identity Responses,2013,FL,logit,6089,6089
0.0960359167901894,0.066263853581743,0.0203563310114015,0.0185048851564051,Not Using Identity Responses,2015,FL,logit,6359,6359
0.0780735170428381,0.0756363816315369,0.0207185286283899,0.0207185286283899,Not Using Identity Responses,2017,FL,logit,6171,6171
