real_missing_prop,real_prop,pred_prop,pred_prop_2017,predset,year,pred_state,model,n,n_non_missing
0.0620115715591052,0.0868048119329121,0.0826856851442948,0.0788413295115305,Using Identity Responses,2015,NV,logit,1452,1452
0.0681226230916224,0.0867770629406395,0.12294827067303,0.12294827067303,Using Identity Responses,2017,NV,logit,1667,1667
0.0620115715591052,0.0868048119329121,0.086472041591377,0.0812385578099529,Not Using Identity Responses,2015,NV,logit,1452,1452
0.0681226230916224,0.0867770629406395,0.12641670063546,0.12641670063546,Not Using Identity Responses,2017,NV,logit,1667,1667
