real_missing_prop,real_prop,pred_prop,pred_prop_2017,predset,year,pred_state,model,n,n_non_missing
0.064665114205184,0.0777399937819476,0.0846365418242369,0.0828656823053041,Using Identity Responses,2015,NM,lassolog,8304,8304
0.0780087830218712,0.0782656168160385,0.0884304487316125,0.0884304487316125,Using Identity Responses,2017,NM,lassolog,5781,5781
0.064665114205184,0.0777399937819476,0.0785266937905291,0.0763547887091526,Not Using Identity Responses,2015,NM,lassolog,8304,8304
0.0780087830218712,0.0782656168160385,0.0816287464714507,0.0816287464714507,Not Using Identity Responses,2017,NM,lassolog,5781,5781
