real_missing_prop,real_prop,pred_prop,pred_prop_2017,predset,year,pred_state,model,n,n_non_missing
0.0647880202978995,0.0706482542917719,0.0750141290415952,0.0712190180423294,Using Identity Responses,2015,WY,ridge,2424,2424
0.0647880202978995,0.0706482542917719,0.0749975084656482,0.0712023974663825,Not Using Identity Responses,2015,WY,ridge,2424,2424
