real_missing_prop,real_prop,pred_prop,pred_prop_2017,predset,year,pred_state,model,n,n_non_missing
0.0900165424619016,0.0600912755420069,0.0819761669821909,0.0819761669821909,Using Identity Responses,2017,IA,rf,1691,1691
0.0900165424619016,0.0600912755420069,0.0728067559442338,0.0728067559442338,Not Using Identity Responses,2017,IA,rf,1691,1691
