real_missing_prop,real_prop,pred_prop,pred_prop_2017,predset,year,pred_state,model,n,n_non_missing
0.0628320115773316,0.0883018728686737,0.0831618173738735,0.0788104110752075,Using Identity Responses,2015,WV,logit,1622,1622
0.0702397702185108,0.0723146162705365,0.0702784350990848,0.0702784350990848,Using Identity Responses,2017,WV,logit,1563,1563
0.0628320115773316,0.0883018728686737,0.0855396289844787,0.0796631334504157,Not Using Identity Responses,2015,WV,logit,1622,1622
0.0702397702185108,0.0723146162705365,0.0723481676238502,0.0723481676238502,Not Using Identity Responses,2017,WV,logit,1563,1563
