real_missing_prop,real_prop,pred_prop,pred_prop_2017,predset,year,pred_state,model,n,n_non_missing
0.132120440152027,0.0764650112310126,0.0692981957040788,0.0692977296541796,Using Identity Responses,2015,MD,gbrt,55596,55596
0.132120440152027,0.0764650112310126,0.0615390432061299,0.0618378764485498,Not Using Identity Responses,2015,MD,gbrt,55596,55596
