real_missing_prop,real_prop,pred_prop,pred_prop_2017,predset,year,pred_state,model,n,n_non_missing
0.0257603147391147,0.0572588408954186,0.0432303874317434,0.0475527532696171,Using Identity Responses,2013,WI,lasso,2843,2843
0.0596697781287255,0.0573642161677739,0.0674223252665699,0.0674223252665699,Using Identity Responses,2017,WI,lasso,2067,2067
0.0257603147391147,0.0572588408954186,0.0555082453668762,0.0598306112047499,Not Using Identity Responses,2013,WI,lasso,2843,2843
0.0596697781287255,0.0573642161677739,0.0645487267378087,0.0645487267378087,Not Using Identity Responses,2017,WI,lasso,2067,2067
