real_missing_prop,real_prop,pred_prop,pred_prop_2017,predset,year,pred_state,model,n,n_non_missing
0.117882885513634,0.0729028083304109,0.0844205343545434,0.0841651471587674,Using Identity Responses,2015,AR,gbrt,2880,2880
0.16827659409229,0.109305608736529,0.0977318658056768,0.0977318658056768,Using Identity Responses,2017,AR,gbrt,1682,1682
0.117882885513634,0.0729028083304109,0.0908906418106602,0.0905894953387351,Not Using Identity Responses,2015,AR,gbrt,2880,2880
0.16827659409229,0.109305608736529,0.100482469792705,0.100482469792705,Not Using Identity Responses,2017,AR,gbrt,1682,1682
