real_missing_prop,real_prop,pred_prop,pred_prop_2017,predset,year,pred_state,model,n,n_non_missing
0.0589796045346252,0.0760480557144136,0.078385909238634,0.0754585877507484,Using Identity Responses,2015,IN,lasso,1912,1912
0.0589796045346252,0.0760480557144136,0.0733746972423149,0.0704473757544293,Not Using Identity Responses,2015,IN,lasso,1912,1912
