real_missing_prop,real_prop,pred_prop,pred_prop_2017,predset,year,pred_state,model,n,n_non_missing
0.0330229166446991,0.0543458809961899,0.0347672781848146,0.0391831726920494,Not Using Identity Responses,2013,KY,logit,1626,1626
0.0749920780947976,0.0802062244706853,0.0752885419073338,0.0711686305357632,Using Identity Responses,2015,KY,logit,2577,2577
0.0914501789160965,0.0721530462238808,0.0706007788201528,0.0706007788201528,Using Identity Responses,2017,KY,logit,1997,1997
0.0749920780947976,0.0802062244706853,0.0756218227323031,0.0700537446740005,Not Using Identity Responses,2015,KY,logit,2577,2577
0.0914501789160965,0.0721530462238808,0.0637961434075258,0.0637961434075258,Not Using Identity Responses,2017,KY,logit,1997,1997
