real_missing_prop,real_prop,pred_prop,pred_prop_2017,predset,year,pred_state,model,n,n_non_missing
0.145158583153022,0.0549738518384384,0.0641281913032575,0.0637507208031707,Using Identity Responses,2015,CT,rf,2398,2398
0.0982263369232407,0.0824293876381043,0.0683279394543655,0.0683279394543655,Using Identity Responses,2017,CT,rf,2425,2425
0.145158583153022,0.0549738518384384,0.0529998302757568,0.0530093871184236,Not Using Identity Responses,2015,CT,rf,2398,2398
0.0982263369232407,0.0824293876381043,0.0526308253024154,0.0526308253024154,Not Using Identity Responses,2017,CT,rf,2425,2425
