real_missing_prop,real_prop,pred_prop,pred_prop_2017,predset,year,pred_state,model,n,n_non_missing
0.162426720149573,0.0764828982851909,0.0596705917454761,0.059568437012949,Using Identity Responses,2015,NY,gbrt,10834,10834
0.147185059255349,0.0679558600645151,0.0603619305560511,0.0603619305560511,Using Identity Responses,2017,NY,gbrt,11411,11411
0.162426720149573,0.0764828982851909,0.0512218558341455,0.051220390493353,Not Using Identity Responses,2015,NY,gbrt,10834,10834
0.147185059255349,0.0679558600645151,0.0510517609017619,0.0510517609017619,Not Using Identity Responses,2017,NY,gbrt,11411,11411
