real_missing_prop,real_prop,pred_prop,pred_prop_2017,predset,year,pred_state,model,n,n_non_missing
0.0981604197978423,0.0657478082883377,0.0639506798343039,0.0671339755002641,Using Identity Responses,2013,FL,lassolog,6089,6089
0.0960359167901894,0.066263853581743,0.0723329381007671,0.0699424217564046,Using Identity Responses,2015,FL,lassolog,6359,6359
0.0780735170428381,0.0756363816315369,0.0749446359572964,0.0749446359572964,Using Identity Responses,2017,FL,lassolog,6171,6171
0.0981604197978423,0.0657478082883377,0.0651206378829888,0.0694135450526896,Not Using Identity Responses,2013,FL,lassolog,6089,6089
0.0960359167901894,0.066263853581743,0.0726817494795454,0.0695764296898209,Not Using Identity Responses,2015,FL,lassolog,6359,6359
0.0780735170428381,0.0756363816315369,0.0673868774129277,0.0673868774129277,Not Using Identity Responses,2017,FL,lassolog,6171,6171
