real_missing_prop,real_prop,pred_prop,pred_prop_2017,predset,year,pred_state,model,n,n_non_missing
0.162426720149573,0.0764828982851909,0.0420691705671,0.0405255972637387,Using Identity Responses,2015,NY,ridgelog,10834,10834
0.147185059255349,0.0679558600645151,0.045612027269745,0.045612027269745,Using Identity Responses,2017,NY,ridgelog,11411,11411
0.162426720149573,0.0764828982851909,0.0318971882509586,0.030438087435193,Not Using Identity Responses,2015,NY,ridgelog,10834,10834
0.147185059255349,0.0679558600645151,0.031607948827484,0.031607948827484,Not Using Identity Responses,2017,NY,ridgelog,11411,11411
