real_missing_prop,real_prop,pred_prop,pred_prop_2017,predset,year,pred_state,model,n,n_non_missing
0.0581659933174896,0.066610480970986,0.079420998688926,0.0774533651821018,Using Identity Responses,2015,PA,lassolog,2899,2899
0.0624572197480032,0.0620686473639098,0.0882648244817734,0.0882648244817734,Using Identity Responses,2017,PA,lassolog,3761,3761
0.0581659933174896,0.066610480970986,0.0856155629217887,0.0829252672910346,Not Using Identity Responses,2015,PA,lassolog,2899,2899
0.0624572197480032,0.0620686473639098,0.0934787104901953,0.0934787104901953,Not Using Identity Responses,2017,PA,lassolog,3761,3761
