real_missing_prop,real_prop,pred_prop,pred_prop_2017,predset,year,pred_state,model,n,n_non_missing
0.205982306447239,0.055827309140966,0.0618591258011475,0.0634935189881013,Using Identity Responses,2013,NC,ridge,1846,1846
0.0824340857905089,0.0692219209963767,0.0741723812494603,0.0705823413975917,Using Identity Responses,2015,NC,ridge,6178,6178
0.076857769911009,0.0818405304321545,0.0876689279154812,0.0876689279154812,Using Identity Responses,2017,NC,ridge,3151,3151
0.205982306447239,0.055827309140966,0.0659784848314208,0.0676128780183747,Not Using Identity Responses,2013,NC,ridge,1846,1846
0.0824340857905089,0.0692219209963767,0.0722743222894185,0.0686842824375499,Not Using Identity Responses,2015,NC,ridge,6178,6178
0.076857769911009,0.0818405304321545,0.0799736890603379,0.0799736890603379,Not Using Identity Responses,2017,NC,ridge,3151,3151
