real_missing_prop,real_prop,pred_prop,pred_prop_2017,predset,year,pred_state,model,n,n_non_missing
0.0628862548161583,0.0464356142435874,0.0526437935993404,0.0525860545366576,Using Identity Responses,2015,OK,gbrt,1611,1611
0.0656633261002859,0.0674285541069115,0.067660175284629,0.067660175284629,Using Identity Responses,2017,OK,gbrt,1649,1649
0.0628862548161583,0.0464356142435874,0.0536796428323773,0.0536046050393038,Not Using Identity Responses,2015,OK,gbrt,1611,1611
0.0656633261002859,0.0674285541069115,0.0641949681081309,0.0641949681081309,Not Using Identity Responses,2017,OK,gbrt,1649,1649
