real_missing_prop,real_prop,pred_prop,pred_prop_2017,predset,year,pred_state,model,n,n_non_missing
0.0250732034275241,0.0646944853761934,0.0573139308505377,0.060270738546947,Using Identity Responses,2013,HI,lasso,4631,4631
0.0935707236514574,0.0588180168301436,0.0664819204016262,0.0630982282303264,Using Identity Responses,2015,HI,lasso,6089,6089
0.0991008699059348,0.0702698816680378,0.0673539698647074,0.0673539698647074,Using Identity Responses,2017,HI,lasso,6031,6031
0.0250732034275241,0.0646944853761934,0.0653477858037055,0.0683045935001147,Not Using Identity Responses,2013,HI,lasso,4631,4631
0.0935707236514574,0.0588180168301436,0.0660433861063393,0.0626596939350395,Not Using Identity Responses,2015,HI,lasso,6089,6089
0.0991008699059348,0.0702698816680378,0.0591794399740272,0.0591794399740272,Not Using Identity Responses,2017,HI,lasso,6031,6031
