real_missing_prop,real_prop,pred_prop,pred_prop_2017,predset,year,pred_state,model,n,n_non_missing
0.0620115715591052,0.0868048119329121,0.0832925948658608,0.0828436197191683,Using Identity Responses,2015,NV,rf,1452,1452
0.0681226230916224,0.0867770629406395,0.0900234269886903,0.0900234269886903,Using Identity Responses,2017,NV,rf,1667,1667
0.0620115715591052,0.0868048119329121,0.071196693522904,0.0712842452225082,Not Using Identity Responses,2015,NV,rf,1452,1452
0.0681226230916224,0.0867770629406395,0.0688808661008439,0.0688808661008439,Not Using Identity Responses,2017,NV,rf,1667,1667
