real_missing_prop,real_prop,pred_prop,pred_prop_2017,predset,year,pred_state,model,n,n_non_missing
0.132120440152027,0.0764650112310126,0.0785077660594347,0.0716433220074985,Using Identity Responses,2015,MD,logit,55596,55596
0.132120440152027,0.0764650112310126,0.0726631835691676,0.0641892317879482,Not Using Identity Responses,2015,MD,logit,55596,55596
