real_missing_prop,real_prop,pred_prop,pred_prop_2017,predset,year,pred_state,model,n,n_non_missing
0.103232298207,0.0598498059789126,0.06423656352621,0.0642595984719087,Using Identity Responses,2013,DE,gbrt,2756,2756
0.0886600326547372,0.0497653161260534,0.0705025597432411,0.0704687716498455,Using Identity Responses,2015,DE,gbrt,2777,2777
0.0817055147882079,0.0693096591178337,0.0756878350335449,0.0756878350335449,Using Identity Responses,2017,DE,gbrt,2906,2906
0.103232298207,0.0598498059789126,0.0605842738768965,0.060620089796251,Not Using Identity Responses,2013,DE,gbrt,2756,2756
0.0886600326547372,0.0497653161260534,0.0677568385265303,0.0677188021227536,Not Using Identity Responses,2015,DE,gbrt,2777,2777
0.0817055147882079,0.0693096591178337,0.0693801564579213,0.0693801564579213,Not Using Identity Responses,2017,DE,gbrt,2906,2906
