real_missing_prop,real_prop,pred_prop,pred_prop_2017,predset,year,pred_state,model,n,n_non_missing
0.0257603147391147,0.0572588408954186,0.05568007624467,0.0556846109529505,Using Identity Responses,2013,WI,gbrt,2843,2843
0.0596697781287255,0.0573642161677739,0.0675697148836602,0.0675697148836602,Using Identity Responses,2017,WI,gbrt,2067,2067
0.0257603147391147,0.0572588408954186,0.062911551496715,0.0629976264549742,Not Using Identity Responses,2013,WI,gbrt,2843,2843
0.0596697781287255,0.0573642161677739,0.0717094480265393,0.0717094480265393,Not Using Identity Responses,2017,WI,gbrt,2067,2067
