real_missing_prop,real_prop,pred_prop,pred_prop_2017,predset,year,pred_state,model,n,n_non_missing
0.0553485703200353,0.045497122389987,0.057269150581866,0.0573298296353377,Using Identity Responses,2015,CA,gbrt,1943,1943
0.0813759545860621,0.0676291130441184,0.0633281356334544,0.0633281356334544,Using Identity Responses,2017,CA,gbrt,1778,1778
0.0553485703200353,0.045497122389987,0.0580881311295616,0.058176010153344,Not Using Identity Responses,2015,CA,gbrt,1943,1943
0.0813759545860621,0.0676291130441184,0.0621949402183065,0.0621949402183065,Not Using Identity Responses,2017,CA,gbrt,1778,1778
