real_missing_prop,real_prop,pred_prop,pred_prop_2017,predset,year,pred_state,model,n,n_non_missing
0.0138840448285198,0.0539962582515571,0.0629542108670078,0.0683752183337945,Using Identity Responses,2013,NH,logit,1634,1634
0.0435791997976377,0.0541399534169904,0.0682181066599683,0.0682181066599683,Using Identity Responses,2017,NH,logit,12050,12050
0.0138840448285198,0.0539962582515571,0.0802079606150966,0.0887443402903202,Not Using Identity Responses,2013,NH,logit,1634,1634
0.0435791997976377,0.0541399534169904,0.0691939243664382,0.0691939243664382,Not Using Identity Responses,2017,NH,logit,12050,12050
