real_missing_prop,real_prop,pred_prop,pred_prop_2017,predset,year,pred_state,model,n,n_non_missing
0.0589796045346252,0.0760480557144136,0.0568746290879421,0.0532578442530541,Using Identity Responses,2015,IN,ols,1912,1912
0.0589796045346252,0.0760480557144136,0.0545456168779337,0.0509288320430456,Not Using Identity Responses,2015,IN,ols,1912,1912
