real_missing_prop,real_prop,pred_prop,pred_prop_2017,predset,year,pred_state,model,n,n_non_missing
0.0628320115773316,0.0883018728686737,0.089839723636631,0.0896959928556496,Using Identity Responses,2015,WV,rf,1622,1622
0.0702397702185108,0.0723146162705365,0.0817802242679905,0.0817802242679905,Using Identity Responses,2017,WV,rf,1563,1563
0.0628320115773316,0.0883018728686737,0.0788249107924091,0.078947764286962,Not Using Identity Responses,2015,WV,rf,1622,1622
0.0702397702185108,0.0723146162705365,0.0753242848255171,0.0753242848255171,Not Using Identity Responses,2017,WV,rf,1563,1563
