real_missing_prop,real_prop,pred_prop,pred_prop_2017,predset,year,pred_state,model,n,n_non_missing
0.0628862548161583,0.0464356142435874,0.0319705066428555,0.0276314569627396,Using Identity Responses,2015,OK,ols,1611,1611
0.0656633261002859,0.0674285541069115,0.0470735897351949,0.0470735897351949,Using Identity Responses,2017,OK,ols,1649,1649
0.0628862548161583,0.0464356142435874,0.0445087874144537,0.0401697377343377,Not Using Identity Responses,2015,OK,ols,1611,1611
0.0656633261002859,0.0674285541069115,0.0477840473404656,0.0477840473404656,Not Using Identity Responses,2017,OK,ols,1649,1649
