real_missing_prop,real_prop,pred_prop,pred_prop_2017,predset,year,pred_state,model,n,n_non_missing
0.0900165424619016,0.0600912755420069,0.0644669310396428,0.0644669310396428,Using Identity Responses,2017,IA,lasso,1691,1691
0.0900165424619016,0.0600912755420069,0.0649324497598624,0.0649324497598624,Not Using Identity Responses,2017,IA,lasso,1691,1691
