real_missing_prop,real_prop,pred_prop,pred_prop_2017,predset,year,pred_state,model,n,n_non_missing
0.117882885513634,0.0729028083304109,0.0895931223406452,0.0865048527680185,Using Identity Responses,2015,AR,ridgelog,2880,2880
0.16827659409229,0.109305608736529,0.105004990982033,0.105004990982033,Using Identity Responses,2017,AR,ridgelog,1682,1682
0.117882885513634,0.0729028083304109,0.0815238306668998,0.0779142185085692,Not Using Identity Responses,2015,AR,ridgelog,2880,2880
0.16827659409229,0.109305608736529,0.0872611926889152,0.0872611926889152,Not Using Identity Responses,2017,AR,ridgelog,1682,1682
