real_missing_prop,real_prop,pred_prop,pred_prop_2017,predset,year,pred_state,model,n,n_non_missing
0.0326406886038755,0.057018080195718,0.0481309160593361,0.0520539929194797,Using Identity Responses,2013,MI,lasso,4266,4266
0.0646886156274887,0.0683971468076034,0.0640788562364268,0.06131563512504,Using Identity Responses,2015,MI,lasso,4816,4816
0.0682827342638458,0.074250365940148,0.0788306045002428,0.0788306045002428,Using Identity Responses,2017,MI,lasso,1626,1626
0.0326406886038755,0.057018080195718,0.0580871230511454,0.062010199911289,Not Using Identity Responses,2013,MI,lasso,4266,4266
0.0646886156274887,0.0683971468076034,0.0660813285620937,0.0633181074507069,Not Using Identity Responses,2015,MI,lasso,4816,4816
0.0682827342638458,0.074250365940148,0.0769963506012484,0.0769963506012484,Not Using Identity Responses,2017,MI,lasso,1626,1626
