real_missing_prop,real_prop,pred_prop,pred_prop_2017,predset,year,pred_state,model,n,n_non_missing
0.0981604197978423,0.0657478082883377,0.0742136834620857,0.0740446152667672,Using Identity Responses,2013,FL,rf,6089,6089
0.0960359167901894,0.066263853581743,0.0747248891198316,0.0743272769467883,Using Identity Responses,2015,FL,rf,6359,6359
0.0780735170428381,0.0756363816315369,0.0784822042061214,0.0784822042061214,Using Identity Responses,2017,FL,rf,6171,6171
0.0981604197978423,0.0657478082883377,0.0674610354890868,0.0676565534931796,Not Using Identity Responses,2013,FL,rf,6089,6089
0.0960359167901894,0.066263853581743,0.0651314160236751,0.0651399521199426,Not Using Identity Responses,2015,FL,rf,6359,6359
0.0780735170428381,0.0756363816315369,0.0636115719995594,0.0636115719995594,Not Using Identity Responses,2017,FL,rf,6171,6171
