real_missing_prop,real_prop,pred_prop,pred_prop_2017,predset,year,pred_state,model,n,n_non_missing
0.0628320115773316,0.0883018728686737,0.0868736435045754,0.0840394555913385,Using Identity Responses,2015,WV,lasso,1622,1622
0.0702397702185108,0.0723146162705365,0.0832965547848465,0.0832965547848465,Using Identity Responses,2017,WV,lasso,1563,1563
0.0628320115773316,0.0883018728686737,0.0850565048476202,0.0822223169343833,Not Using Identity Responses,2015,WV,lasso,1622,1622
0.0702397702185108,0.0723146162705365,0.082811875334804,0.082811875334804,Not Using Identity Responses,2017,WV,lasso,1563,1563
