real_missing_prop,real_prop,pred_prop,pred_prop_2017,predset,year,pred_state,model,n,n_non_missing
0.145158583153022,0.0549738518384384,0.0819214971962113,0.0751882810972017,Using Identity Responses,2015,CT,logit,2398,2398
0.0982263369232407,0.0824293876381043,0.0849581313669599,0.0849581313669599,Using Identity Responses,2017,CT,logit,2425,2425
0.145158583153022,0.0549738518384384,0.0876181785456352,0.0787397402806033,Not Using Identity Responses,2015,CT,logit,2398,2398
0.0982263369232407,0.0824293876381043,0.0849809453754798,0.0849809453754798,Not Using Identity Responses,2017,CT,logit,2425,2425
