real_missing_prop,real_prop,pred_prop,pred_prop_2017,predset,year,pred_state,model,n,n_non_missing
0.0330229166446991,0.0543458809961899,0.0659070757057941,0.0697095792754895,Not Using Identity Responses,2013,KY,lasso,1626,1626
0.0749920780947976,0.0802062244706853,0.0767301628176253,0.074087850883477,Using Identity Responses,2015,KY,lasso,2577,2577
0.0914501789160965,0.0721530462238808,0.08433138439226,0.08433138439226,Using Identity Responses,2017,KY,lasso,1997,1997
0.0749920780947976,0.0802062244706853,0.0757104184115979,0.0730681064774496,Not Using Identity Responses,2015,KY,lasso,2577,2577
0.0914501789160965,0.0721530462238808,0.0764870440247585,0.0764870440247585,Not Using Identity Responses,2017,KY,lasso,1997,1997
