real_missing_prop,real_prop,pred_prop,pred_prop_2017,predset,year,pred_state,model,n,n_non_missing
0.0170417754007265,0.0711420764216082,0.0424636123923344,0.0454969557112156,Using Identity Responses,2013,RI,ridgelog,2453,2453
0.068952211845543,0.0684448520853534,0.0727135055456008,0.0699497362456151,Using Identity Responses,2015,RI,ridgelog,3462,3462
0.0830788603725762,0.0746577576826084,0.0706853061327318,0.0706853061327318,Using Identity Responses,2017,RI,ridgelog,2221,2221
0.0170417754007265,0.0711420764216082,0.0372384881757483,0.0406235163540326,Not Using Identity Responses,2013,RI,ridgelog,2453,2453
0.068952211845543,0.0684448520853534,0.0660144586034239,0.0626981590774479,Not Using Identity Responses,2015,RI,ridgelog,3462,3462
0.0830788603725762,0.0746577576826084,0.0615582376758021,0.0615582376758021,Not Using Identity Responses,2017,RI,ridgelog,2221,2221
