real_missing_prop,real_prop,pred_prop,pred_prop_2017,predset,year,pred_state,model,n,n_non_missing
0.031843198606569,0.058238286683695,0.0521138026232858,0.0520274771718677,Using Identity Responses,2015,VT,gbrt,21013,21013
0.0381582277066812,0.0638054449770258,0.0666857045096167,0.0666857045096167,Using Identity Responses,2017,VT,gbrt,20653,20653
0.031843198606569,0.058238286683695,0.042384929300671,0.0422966531743842,Not Using Identity Responses,2015,VT,gbrt,21013,21013
0.0381582277066812,0.0638054449770258,0.0631823282325613,0.0631823282325613,Not Using Identity Responses,2017,VT,gbrt,20653,20653
