real_missing_prop,real_prop,pred_prop,pred_prop_2017,predset,year,pred_state,model,n,n_non_missing
0.205982306447239,0.055827309140966,0.0661498189011173,0.0660672060735147,Using Identity Responses,2013,NC,gbrt,1846,1846
0.0824340857905089,0.0692219209963767,0.07495256177072,0.0747299959286523,Using Identity Responses,2015,NC,gbrt,6178,6178
0.076857769911009,0.0818405304321545,0.0819942624150055,0.0819942624150055,Using Identity Responses,2017,NC,gbrt,3151,3151
0.205982306447239,0.055827309140966,0.0685797899841394,0.0685700119516546,Not Using Identity Responses,2013,NC,gbrt,1846,1846
0.0824340857905089,0.0692219209963767,0.0775083787664508,0.07739173143098,Not Using Identity Responses,2015,NC,gbrt,6178,6178
0.076857769911009,0.0818405304321545,0.0796810681752708,0.0796810681752708,Not Using Identity Responses,2017,NC,gbrt,3151,3151
