real_missing_prop,real_prop,pred_prop,pred_prop_2017,predset,year,pred_state,model,n,n_non_missing
0.0170417754007265,0.0711420764216082,-0.0301837286708704,-0.018843740777474,Using Identity Responses,2013,RI,ols,2453,2453
0.068952211845543,0.0684448520853534,0.0129164109263601,0.00826593361360975,Using Identity Responses,2015,RI,ols,3462,3462
0.0830788603725762,0.0746577576826084,0.0574961655745252,0.0574961655745252,Using Identity Responses,2017,RI,ols,2221,2221
0.0170417754007265,0.0711420764216082,-0.023508584284129,-0.0121685963907326,Not Using Identity Responses,2013,RI,ols,2453,2453
0.068952211845543,0.0684448520853534,0.013053204265738,0.00840272695298762,Not Using Identity Responses,2015,RI,ols,3462,3462
0.0830788603725762,0.0746577576826084,0.0522709556884309,0.0522709556884309,Not Using Identity Responses,2017,RI,ols,2221,2221
