real_missing_prop,real_prop,pred_prop,pred_prop_2017,predset,year,pred_state,model,n,n_non_missing
0.0647880202978995,0.0706482542917719,0.0698459223597889,0.0656615185615179,Using Identity Responses,2015,WY,ols,2424,2424
0.0647880202978995,0.0706482542917719,0.0760399915014607,0.0718555877031897,Not Using Identity Responses,2015,WY,ols,2424,2424
