real_missing_prop,real_prop,pred_prop,pred_prop_2017,predset,year,pred_state,model,n,n_non_missing
0.0273171558259838,0.0724316693226179,0.104595825499626,0.109727159433831,Using Identity Responses,2013,IL,ridge,3276,3276
0.0972434439300967,0.0720010803754207,0.0653139256223349,0.0607777110893101,Using Identity Responses,2015,IL,ridge,3282,3282
0.112063048247115,0.0737981062313222,0.0863652266045538,0.0863652266045538,Using Identity Responses,2017,IL,ridge,5010,5010
0.0273171558259838,0.0724316693226179,0.1033917239995,0.108523057933705,Not Using Identity Responses,2013,IL,ridge,3276,3276
0.0972434439300967,0.0720010803754207,0.0615765907088958,0.0570403761758711,Not Using Identity Responses,2015,IL,ridge,3282,3282
0.112063048247115,0.0737981062313222,0.0792757268279924,0.0792757268279924,Not Using Identity Responses,2017,IL,ridge,5010,5010
