real_missing_prop,real_prop,pred_prop,pred_prop_2017,predset,year,pred_state,model,n,n_non_missing
0.031843198606569,0.058238286683695,0.0797147131907963,0.0717743964878309,Using Identity Responses,2015,VT,logit,21013,21013
0.0381582277066812,0.0638054449770258,0.0651676439313515,0.0651676439313515,Using Identity Responses,2017,VT,logit,20653,20653
0.031843198606569,0.058238286683695,0.0939700833486444,0.0822923678432061,Not Using Identity Responses,2015,VT,logit,21013,21013
0.0381582277066812,0.0638054449770258,0.0667380928366325,0.0667380928366325,Not Using Identity Responses,2017,VT,logit,20653,20653
