real_missing_prop,real_prop,pred_prop,pred_prop_2017,predset,year,pred_state,model,n,n_non_missing
0.0138840448285198,0.0539962582515571,0.0717517031720133,0.0715722801062964,Using Identity Responses,2013,NH,rf,1634,1634
0.0435791997976377,0.0541399534169904,0.0696880870545138,0.0696880870545138,Using Identity Responses,2017,NH,rf,12050,12050
0.0138840448285198,0.0539962582515571,0.0682613770817924,0.068301685045188,Not Using Identity Responses,2013,NH,rf,1634,1634
0.0435791997976377,0.0541399534169904,0.0573404601107941,0.0573404601107941,Not Using Identity Responses,2017,NH,rf,12050,12050
