real_missing_prop,real_prop,pred_prop,pred_prop_2017,predset,year,pred_state,model,n,n_non_missing
0.132120440152027,0.0764650112310126,0.0666954031677911,0.0635308170988255,Using Identity Responses,2015,MD,ridge,55596,55596
0.132120440152027,0.0764650112310126,0.0568799366810715,0.0537153506121059,Not Using Identity Responses,2015,MD,ridge,55596,55596
