real_missing_prop,real_prop,pred_prop,pred_prop_2017,predset,year,pred_state,model,n,n_non_missing
0.0620115715591052,0.0868048119329121,0.0794470601861785,0.0764279983906143,Using Identity Responses,2015,NV,ridgelog,1452,1452
0.0681226230916224,0.0867770629406395,0.104037457412826,0.104037457412826,Using Identity Responses,2017,NV,ridgelog,1667,1667
0.0620115715591052,0.0868048119329121,0.0754831593015215,0.0718299961423123,Not Using Identity Responses,2015,NV,ridgelog,1452,1452
0.0681226230916224,0.0867770629406395,0.0930230650196885,0.0930230650196885,Not Using Identity Responses,2017,NV,ridgelog,1667,1667
