real_missing_prop,real_prop,pred_prop,pred_prop_2017,predset,year,pred_state,model,n,n_non_missing
0.117882885513634,0.0729028083304109,0.111559943230409,0.108406118693634,Using Identity Responses,2015,AR,ols,2880,2880
0.16827659409229,0.109305608736529,0.134748573022685,0.134748573022685,Using Identity Responses,2017,AR,ols,1682,1682
0.117882885513634,0.0729028083304109,0.108780318941664,0.105626494404889,Not Using Identity Responses,2015,AR,ols,2880,2880
0.16827659409229,0.109305608736529,0.119855681794244,0.119855681794244,Not Using Identity Responses,2017,AR,ols,1682,1682
