real_missing_prop,real_prop,pred_prop,pred_prop_2017,predset,year,pred_state,model,n,n_non_missing
0.0250732034275241,0.0646944853761934,0.0735663798701367,0.0763187389042166,Using Identity Responses,2013,HI,logit,4631,4631
0.0935707236514574,0.0588180168301436,0.05469444690895,0.0509883164792801,Using Identity Responses,2015,HI,logit,6089,6089
0.0991008699059348,0.0702698816680378,0.0570060824503816,0.0570060824503816,Using Identity Responses,2017,HI,logit,6031,6031
0.0250732034275241,0.0646944853761934,0.0887592256282728,0.0928613795848689,Not Using Identity Responses,2013,HI,logit,4631,4631
0.0935707236514574,0.0588180168301436,0.0569968182601157,0.0522939866292471,Not Using Identity Responses,2015,HI,logit,6089,6089
0.0991008699059348,0.0702698816680378,0.0513022293375259,0.0513022293375259,Not Using Identity Responses,2017,HI,logit,6031,6031
