real_missing_prop,real_prop,pred_prop,pred_prop_2017,predset,year,pred_state,model,n,n_non_missing
0.0553485703200353,0.045497122389987,0.0517035929118305,0.049982708127194,Using Identity Responses,2015,CA,ridgelog,1943,1943
0.0813759545860621,0.0676291130441184,0.0547791624286212,0.0547791624286212,Using Identity Responses,2017,CA,ridgelog,1778,1778
0.0553485703200353,0.045497122389987,0.0514415258409733,0.049399520973205,Not Using Identity Responses,2015,CA,ridgelog,1943,1943
0.0813759545860621,0.0676291130441184,0.0479167126795525,0.0479167126795525,Not Using Identity Responses,2017,CA,ridgelog,1778,1778
