real_missing_prop,real_prop,pred_prop,pred_prop_2017,predset,year,pred_state,model,n,n_non_missing
0.0326406886038755,0.057018080195718,0.0639141553262584,0.0710058499205336,Using Identity Responses,2013,MI,ridge,4266,4266
0.0646886156274887,0.0683971468076034,0.0849842607341838,0.0808824284275594,Using Identity Responses,2015,MI,ridge,4816,4816
0.0682827342638458,0.074250365940148,0.100597477837664,0.100597477837664,Using Identity Responses,2017,MI,ridge,1626,1626
0.0326406886038755,0.057018080195718,0.0692999262051402,0.0763916207994154,Not Using Identity Responses,2013,MI,ridge,4266,4266
0.0646886156274887,0.0683971468076034,0.0838085444017401,0.0797067120951158,Not Using Identity Responses,2015,MI,ridge,4816,4816
0.0682827342638458,0.074250365940148,0.0963030782885723,0.0963030782885723,Not Using Identity Responses,2017,MI,ridge,1626,1626
