real_missing_prop,real_prop,pred_prop,pred_prop_2017,predset,year,pred_state,model,n,n_non_missing
0.0581659933174896,0.066610480970986,0.0838047924812498,0.0782915910071745,Using Identity Responses,2015,PA,ridge,2899,2899
0.0624572197480032,0.0620686473639098,0.0988414299338768,0.0988414299338768,Using Identity Responses,2017,PA,ridge,3761,3761
0.0581659933174896,0.066610480970986,0.082963301103908,0.0774500996298326,Not Using Identity Responses,2015,PA,ridge,2899,2899
0.0624572197480032,0.0620686473639098,0.0954111651542958,0.0954111651542958,Not Using Identity Responses,2017,PA,ridge,3761,3761
