real_missing_prop,real_prop,pred_prop,pred_prop_2017,predset,year,pred_state,model,n,n_non_missing
0.103232298207,0.0598498059789126,0.0749658767420517,0.0748251584130822,Using Identity Responses,2013,DE,rf,2756,2756
0.0886600326547372,0.0497653161260534,0.0793619518800438,0.0791771378516775,Using Identity Responses,2015,DE,rf,2777,2777
0.0817055147882079,0.0693096591178337,0.0827855564774666,0.0827855564774666,Using Identity Responses,2017,DE,rf,2906,2906
0.103232298207,0.0598498059789126,0.0648149849268131,0.0649525964513714,Not Using Identity Responses,2013,DE,rf,2756,2756
0.0886600326547372,0.0497653161260534,0.0691103567307995,0.0690939690357344,Not Using Identity Responses,2015,DE,rf,2777,2777
0.0817055147882079,0.0693096591178337,0.0704791377472231,0.0704791377472231,Not Using Identity Responses,2017,DE,rf,2906,2906
