real_missing_prop,real_prop,pred_prop,pred_prop_2017,predset,year,pred_state,model,n,n_non_missing
0.0554105178800327,0.0594562024416133,0.0723659127432628,0.0666828211258939,Using Identity Responses,2015,MA,logit,3120,3120
0.0632465907356478,0.0783309080054738,0.0630150220267546,0.0630150220267546,Using Identity Responses,2017,MA,logit,3286,3286
0.0554105178800327,0.0594562024416133,0.0890370237709673,0.0804802413723935,Not Using Identity Responses,2015,MA,logit,3120,3120
0.0632465907356478,0.0783309080054738,0.0627457227349322,0.0627457227349322,Not Using Identity Responses,2017,MA,logit,3286,3286
