real_missing_prop,real_prop,pred_prop,pred_prop_2017,predset,year,pred_state,model,n,n_non_missing
0.0257603147391147,0.0572588408954186,0.0533663178764556,0.0578576632648475,Using Identity Responses,2013,WI,logit,2843,2843
0.0596697781287255,0.0573642161677739,0.0335597418472596,0.0335597418472596,Using Identity Responses,2017,WI,logit,2067,2067
0.0257603147391147,0.0572588408954186,0.068233931126467,0.075276087190278,Not Using Identity Responses,2013,WI,logit,2843,2843
0.0596697781287255,0.0573642161677739,0.0278769197549256,0.0278769197549256,Not Using Identity Responses,2017,WI,logit,2067,2067
