real_missing_prop,real_prop,pred_prop,pred_prop_2017,predset,year,pred_state,model,n,n_non_missing
0.145158583153022,0.0549738518384384,0.081991487065893,0.076673808830195,Using Identity Responses,2015,CT,ridgelog,2398,2398
0.0982263369232407,0.0824293876381043,0.0823341299608594,0.0823341299608594,Using Identity Responses,2017,CT,ridgelog,2425,2425
0.145158583153022,0.0549738518384384,0.0807340394813873,0.0744172258945848,Not Using Identity Responses,2015,CT,ridgelog,2398,2398
0.0982263369232407,0.0824293876381043,0.0754346222848238,0.0754346222848238,Not Using Identity Responses,2017,CT,ridgelog,2425,2425
