real_missing_prop,real_prop,pred_prop,pred_prop_2017,predset,year,pred_state,model,n,n_non_missing
0.0589796045346252,0.0760480557144136,0.0698174256903194,0.0662790016420883,Using Identity Responses,2015,IN,ridge,1912,1912
0.0589796045346252,0.0760480557144136,0.0628445082572271,0.059306084208996,Not Using Identity Responses,2015,IN,ridge,1912,1912
