real_missing_prop,real_prop,pred_prop,pred_prop_2017,predset,year,pred_state,model,n,n_non_missing
0.0677610733738562,0.0529864981089931,0.0582609625180192,0.0582609625180192,Using Identity Responses,2017,NE,ridge,1427,1427
0.0677610733738562,0.0529864981089931,0.0550903443914573,0.0550903443914573,Not Using Identity Responses,2017,NE,ridge,1427,1427
