real_missing_prop,real_prop,pred_prop,pred_prop_2017,predset,year,pred_state,model,n,n_non_missing
0.031843198606569,0.058238286683695,0.0563749228452524,0.0560182277466917,Using Identity Responses,2015,VT,ridgelog,21013,21013
0.0381582277066812,0.0638054449770258,0.0770154183555611,0.0770154183555611,Using Identity Responses,2017,VT,ridgelog,20653,20653
0.031843198606569,0.058238286683695,0.0512104725322432,0.050821798856931,Not Using Identity Responses,2015,VT,ridgelog,21013,21013
0.0381582277066812,0.0638054449770258,0.0697882251759273,0.0697882251759273,Not Using Identity Responses,2017,VT,ridgelog,20653,20653
