real_missing_prop,real_prop,pred_prop,pred_prop_2017,predset,year,pred_state,model,n,n_non_missing
0.132120440152027,0.0764650112310126,0.0654779520661899,0.0636562465208313,Using Identity Responses,2015,MD,lasso,55596,55596
0.132120440152027,0.0764650112310126,0.0568088216067322,0.0549871160613737,Not Using Identity Responses,2015,MD,lasso,55596,55596
