real_missing_prop,real_prop,pred_prop,pred_prop_2017,predset,year,pred_state,model,n,n_non_missing
0.103232298207,0.0598498059789126,0.06839505623591,0.074858517468717,Using Identity Responses,2013,DE,ridge,2756,2756
0.0886600326547372,0.0497653161260534,0.0896522467406333,0.0871384724602782,Using Identity Responses,2015,DE,ridge,2777,2777
0.0817055147882079,0.0693096591178337,0.0771740849684364,0.0771740849684364,Using Identity Responses,2017,DE,ridge,2906,2906
0.103232298207,0.0598498059789126,0.0713324266202009,0.0777958878530079,Not Using Identity Responses,2013,DE,ridge,2756,2756
0.0886600326547372,0.0497653161260534,0.0882278213332565,0.0857140470529014,Not Using Identity Responses,2015,DE,ridge,2777,2777
0.0817055147882079,0.0693096591178337,0.0706192220654941,0.0706192220654941,Not Using Identity Responses,2017,DE,ridge,2906,2906
