real_missing_prop,real_prop,pred_prop,pred_prop_2017,predset,year,pred_state,model,n,n_non_missing
0.0680761458735566,0.0682562977142355,0.0557771892442407,0.0580395861206601,Using Identity Responses,2013,ME,lassolog,9017,9017
0.0873654588649256,0.0725037240773308,0.0661717249662216,0.0635250312309918,Using Identity Responses,2015,ME,lassolog,9605,9605
0.085695629125879,0.0804764767521303,0.0709824855779529,0.0709824855779529,Using Identity Responses,2017,ME,lassolog,9501,9501
0.0680761458735566,0.0682562977142355,0.0643136358217138,0.0676344896444117,Not Using Identity Responses,2013,ME,lassolog,9017,9017
0.0873654588649256,0.0725037240773308,0.0684370217421758,0.0649647141335262,Not Using Identity Responses,2015,ME,lassolog,9605,9605
0.085695629125879,0.0804764767521303,0.0644833321653103,0.0644833321653103,Not Using Identity Responses,2017,ME,lassolog,9501,9501
