real_missing_prop,real_prop,pred_prop,pred_prop_2017,predset,year,pred_state,model,n,n_non_missing
0.0628320115773316,0.0883018728686737,0.0804837327456279,0.076655035118539,Using Identity Responses,2015,WV,ols,1622,1622
0.0702397702185108,0.0723146162705365,0.0710970741283385,0.0710970741283385,Using Identity Responses,2017,WV,ols,1563,1563
0.0628320115773316,0.0883018728686737,0.0813857031231532,0.0775570054960644,Not Using Identity Responses,2015,WV,ols,1622,1622
0.0702397702185108,0.0723146162705365,0.0734151753677386,0.0734151753677386,Not Using Identity Responses,2017,WV,ols,1563,1563
