real_missing_prop,real_prop,pred_prop,pred_prop_2017,predset,year,pred_state,model,n,n_non_missing
0.103232298207,0.0598498059789126,0.0618887218820257,0.064558666401713,Using Identity Responses,2013,DE,lassolog,2756,2756
0.0886600326547372,0.0497653161260534,0.0725395933283122,0.0703531919353592,Using Identity Responses,2015,DE,lassolog,2777,2777
0.0817055147882079,0.0693096591178337,0.0734559535222784,0.0734559535222784,Using Identity Responses,2017,DE,lassolog,2906,2906
0.103232298207,0.0598498059789126,0.0674162166667719,0.0710911366382138,Not Using Identity Responses,2013,DE,lassolog,2756,2756
0.0886600326547372,0.0497653161260534,0.0772095974725686,0.0742887976749217,Not Using Identity Responses,2015,DE,lassolog,2777,2777
0.0817055147882079,0.0693096591178337,0.0707768813991194,0.0707768813991194,Not Using Identity Responses,2017,DE,lassolog,2906,2906
