real_missing_prop,real_prop,pred_prop,pred_prop_2017,predset,year,pred_state,model,n,n_non_missing
0.0250732034275241,0.0646944853761934,0.0623272348554176,0.0623091187828962,Using Identity Responses,2013,HI,gbrt,4631,4631
0.0935707236514574,0.0588180168301436,0.0677392539147262,0.0674493208306501,Using Identity Responses,2015,HI,gbrt,6089,6089
0.0991008699059348,0.0702698816680378,0.0686788158614035,0.0686788158614035,Using Identity Responses,2017,HI,gbrt,6031,6031
0.0250732034275241,0.0646944853761934,0.0745602009048321,0.0745700229769287,Not Using Identity Responses,2013,HI,gbrt,4631,4631
0.0935707236514574,0.0588180168301436,0.0742169437906582,0.0737306864339427,Not Using Identity Responses,2015,HI,gbrt,6089,6089
0.0991008699059348,0.0702698816680378,0.0683790785826587,0.0683790785826587,Not Using Identity Responses,2017,HI,gbrt,6031,6031
