real_missing_prop,real_prop,pred_prop,pred_prop_2017,predset,year,pred_state,model,n,n_non_missing
0.0151575488383084,0.0928250603384332,0.100765916378942,0.106491321791912,Using Contact Responses,2015,KY,rf,2577,2577
0.0168459271741048,0.111385982394862,0.104676424992663,0.104676424992663,Using Contact Responses,2017,KY,rf,1997,1997
0.0151575488383084,0.0928250603384332,0.0879254768280229,0.0958878245761323,Not Using Contact Responses,2015,KY,rf,2577,2577
0.0168459271741048,0.111385982394862,0.0959506579338756,0.0959506579338756,Not Using Contact Responses,2017,KY,rf,1997,1997
