real_missing_prop,real_prop,pred_prop,pred_prop_2017,predset,year,pred_state,model,n,n_non_missing
0.0695855925581497,0.0939873193167301,0.128583838107662,0.137885673168561,Using Contact Responses,2015,AR,logit,2880,2880
0.0552195677497452,0.133964826333683,0.161392662269831,0.161392662269831,Using Contact Responses,2017,AR,logit,1682,1682
0.0695855925581497,0.0939873193167301,0.133742034598758,0.144286845949541,Not Using Contact Responses,2015,AR,logit,2880,2880
0.0552195677497452,0.133964826333683,0.164625109555492,0.164625109555492,Not Using Contact Responses,2017,AR,logit,1682,1682
