real_missing_prop,real_prop,pred_prop,pred_prop_2017,predset,year,pred_state,model,n,n_non_missing
0.00872280798294431,0.0763363600968691,0.101164298394397,0.115925902048784,Using Contact Responses,2015,MA,lassolog,3120,3120
0.0108063412068197,0.0906065943241341,0.133183811822975,0.133183811822975,Using Contact Responses,2017,MA,lassolog,3286,3286
0.00872280798294431,0.0763363600968691,0.103206844201073,0.119902771658054,Not Using Contact Responses,2015,MA,lassolog,3120,3120
0.0108063412068197,0.0906065943241341,0.134178591094666,0.134178591094666,Not Using Contact Responses,2017,MA,lassolog,3286,3286
