real_missing_prop,real_prop,pred_prop,pred_prop_2017,predset,year,pred_state,model,n,n_non_missing
0.0709630306368417,0.062662575190245,0.0730187058242806,0.104298741846542,Using Contact Responses,2013,DE,ridgelog,2756,2756
0.056291136401394,0.0797300432697131,0.0936730153125164,0.105868901552888,Using Contact Responses,2015,DE,ridgelog,2777,2777
0.0904972417124664,0.0979863869797875,0.107398172765185,0.107398172765185,Using Contact Responses,2017,DE,ridgelog,2906,2906
0.0709630306368417,0.062662575190245,0.0706681424958952,0.104987261801861,Not Using Contact Responses,2013,DE,ridgelog,2756,2756
0.056291136401394,0.0797300432697131,0.0939832263830864,0.107264171598847,Not Using Contact Responses,2015,DE,ridgelog,2777,2777
0.0904972417124664,0.0979863869797875,0.108730345780656,0.108730345780656,Not Using Contact Responses,2017,DE,ridgelog,2906,2906
