real_missing_prop,real_prop,pred_prop,pred_prop_2017,predset,year,pred_state,model,n,n_non_missing
0.0151575488383084,0.0928250603384332,0.125817578570833,0.135743785577177,Using Contact Responses,2015,KY,ols,2577,2577
0.0168459271741048,0.111385982394862,0.0941535262255616,0.0941535262255616,Using Contact Responses,2017,KY,ols,1997,1997
0.0151575488383084,0.0928250603384332,0.12199013727628,0.131916344282624,Not Using Contact Responses,2015,KY,ols,2577,2577
0.0168459271741048,0.111385982394862,0.0910702010174057,0.0910702010174057,Not Using Contact Responses,2017,KY,ols,1997,1997
