real_missing_prop,real_prop,pred_prop,pred_prop_2017,predset,year,pred_state,model,n,n_non_missing
0.0285644368382089,0.0859725649430007,0.0886285742296829,0.0886285742296829,Using Contact Responses,2017,NE,ols,1427,1427
0.0285644368382089,0.0859725649430007,0.0927845880368916,0.0927845880368916,Not Using Contact Responses,2017,NE,ols,1427,1427
