real_missing_prop,real_prop,pred_prop,pred_prop_2017,predset,year,pred_state,model,n,n_non_missing
0.0281009061866629,0.0628094724524842,0.0661015813192552,0.100393926399698,Using Contact Responses,2013,HI,ridge,4631,4631
0.0423716603583515,0.0833875584898865,0.0982619886931837,0.110399141613059,Using Contact Responses,2015,HI,ridge,6089,6089
0.0365682513794605,0.107834677635688,0.128777000893063,0.128777000893063,Using Contact Responses,2017,HI,ridge,6031,6031
0.0281009061866629,0.0628094724524842,0.0675093218887107,0.101801666969154,Not Using Contact Responses,2013,HI,ridge,4631,4631
0.0423716603583515,0.0833875584898865,0.100189122888239,0.112326275808114,Not Using Contact Responses,2015,HI,ridge,6089,6089
0.0365682513794605,0.107834677635688,0.127423168384498,0.127423168384498,Not Using Contact Responses,2017,HI,ridge,6031,6031
