real_missing_prop,real_prop,pred_prop,pred_prop_2017,predset,year,pred_state,model,n,n_non_missing
0.054691219230649,0.0678238694557725,0.0718014989767405,0.0841415575858587,Using Contact Responses,2013,FL,gbrt,6089,6089
0.0688018122922938,0.0766931744154104,0.0837885654345047,0.0922135319415347,Using Contact Responses,2015,FL,gbrt,6359,6359
0.0391975255341764,0.0993134122973734,0.0954755556760743,0.0954755556760743,Using Contact Responses,2017,FL,gbrt,6171,6171
0.054691219230649,0.0678238694557725,0.0645152965898,0.0784389937759796,Not Using Contact Responses,2013,FL,gbrt,6089,6089
0.0688018122922938,0.0766931744154104,0.0778307308269614,0.086415014564801,Not Using Contact Responses,2015,FL,gbrt,6359,6359
0.0391975255341764,0.0993134122973734,0.0880353987986352,0.0880353987986352,Not Using Contact Responses,2017,FL,gbrt,6171,6171
