real_missing_prop,real_prop,pred_prop,pred_prop_2017,predset,year,pred_state,model,n,n_non_missing
0.0709042253289908,0.0794222775525731,0.116478693596226,0.15008439542443,Not Using Contact Responses,2013,AZ,ridge,1623,1623
0.115807658781477,0.0854261608337977,0.12677762471055,0.138428838593979,Not Using Contact Responses,2015,AZ,ridge,2582,2582
0.0228700744367336,0.113423415308664,0.0871314457213491,0.0871314457213491,Not Using Contact Responses,2017,AZ,ridge,2139,2139
