real_missing_prop,real_prop,pred_prop,pred_prop_2017,predset,year,pred_state,model,n,n_non_missing
0.00921239355456494,0.0599575011973573,0.0600368461814032,0.0832251818651266,Using Contact Responses,2013,ME,ridgelog,9017,9017
0.0115176923282421,0.0836722974910217,0.0723518403770632,0.0797533759548551,Using Contact Responses,2015,ME,ridgelog,9605,9605
0.00924242955269705,0.112990328565787,0.079913438117503,0.079913438117503,Using Contact Responses,2017,ME,ridgelog,9501,9501
0.00921239355456494,0.0599575011973573,0.0574419761669258,0.0826472434358119,Not Using Contact Responses,2013,ME,ridgelog,9017,9017
0.0115176923282421,0.0836722974910217,0.0688220720473834,0.0768327656781205,Not Using Contact Responses,2015,ME,ridgelog,9605,9605
0.00924242955269705,0.112990328565787,0.0771372568072235,0.0771372568072235,Not Using Contact Responses,2017,ME,ridgelog,9501,9501
