real_missing_prop,real_prop,pred_prop,pred_prop_2017,predset,year,pred_state,model,n,n_non_missing
0.0709630306368417,0.062662575190245,0.0751208531951441,0.108867595399583,Using Contact Responses,2013,DE,ols,2756,2756
0.056291136401394,0.0797300432697131,0.107139993841344,0.115985828428862,Using Contact Responses,2015,DE,ols,2777,2777
0.0904972417124664,0.0979863869797875,0.112403165922409,0.112403165922409,Using Contact Responses,2017,DE,ols,2906,2906
0.0709630306368417,0.062662575190245,0.0770052892374864,0.110752031441926,Not Using Contact Responses,2013,DE,ols,2756,2756
0.056291136401394,0.0797300432697131,0.108712684620063,0.117558519207581,Not Using Contact Responses,2015,DE,ols,2777,2777
0.0904972417124664,0.0979863869797875,0.1139949386532,0.1139949386532,Not Using Contact Responses,2017,DE,ols,2906,2906
