real_missing_prop,real_prop,pred_prop,pred_prop_2017,predset,year,pred_state,model,n,n_non_missing
0.00921239355456494,0.0599575011973573,0.0831597971340955,0.0895663322185602,Using Contact Responses,2013,ME,rf,9017,9017
0.0115176923282421,0.0836722974910217,0.0865317749595621,0.0928424545988975,Using Contact Responses,2015,ME,rf,9605,9605
0.00924242955269705,0.112990328565787,0.0988482198309324,0.0988482198309324,Using Contact Responses,2017,ME,rf,9501,9501
0.00921239355456494,0.0599575011973573,0.0707023901438142,0.0796698474425976,Not Using Contact Responses,2013,ME,rf,9017,9017
0.0115176923282421,0.0836722974910217,0.0728582108411938,0.0811798753804062,Not Using Contact Responses,2015,ME,rf,9605,9605
0.00924242955269705,0.112990328565787,0.083566244480541,0.083566244480541,Not Using Contact Responses,2017,ME,rf,9501,9501
