real_missing_prop,real_prop,pred_prop,pred_prop_2017,predset,year,pred_state,model,n,n_non_missing
0.0126885833530947,0.07954842799682,0.0731064309463595,0.0785426452420995,Using Contact Responses,2015,VT,gbrt,21013,21013
0.00736577856657778,0.099859188027376,0.089806791370777,0.089806791370777,Using Contact Responses,2017,VT,gbrt,20653,20653
0.0126885833530947,0.07954842799682,0.0684766349901893,0.0738908969983167,Not Using Contact Responses,2015,VT,gbrt,21013,21013
0.00736577856657778,0.099859188027376,0.087055265590125,0.087055265590125,Not Using Contact Responses,2017,VT,gbrt,20653,20653
