real_missing_prop,real_prop,pred_prop,pred_prop_2017,predset,year,pred_state,model,n,n_non_missing
0.054691219230649,0.0678238694557725,0.0533573639873391,0.0773939103627193,Using Contact Responses,2013,FL,ridgelog,6089,6089
0.0688018122922938,0.0766931744154104,0.0700776522393181,0.0785443706618892,Using Contact Responses,2015,FL,ridgelog,6359,6359
0.0391975255341764,0.0993134122973734,0.0788919912711781,0.0788919912711781,Using Contact Responses,2017,FL,ridgelog,6171,6171
0.054691219230649,0.0678238694557725,0.0474907722645786,0.0727282861237243,Not Using Contact Responses,2013,FL,ridgelog,6089,6089
0.0688018122922938,0.0766931744154104,0.0650097639391813,0.0739907656298241,Not Using Contact Responses,2015,FL,ridgelog,6359,6359
0.0391975255341764,0.0993134122973734,0.0734776611416657,0.0734776611416657,Not Using Contact Responses,2017,FL,ridgelog,6171,6171
