real_missing_prop,real_prop,pred_prop,pred_prop_2017,predset,year,pred_state,model,n,n_non_missing
0.0281009061866629,0.0628094724524842,0.0585726953699563,0.0964159347250279,Using Contact Responses,2013,HI,ols,4631,4631
0.0423716603583515,0.0833875584898865,0.119197808810358,0.128102210070164,Using Contact Responses,2015,HI,ols,6089,6089
0.0365682513794605,0.107834677635688,0.158215959215829,0.158215959215829,Using Contact Responses,2017,HI,ols,6031,6031
0.0281009061866629,0.0628094724524842,0.0618681885250267,0.0997114278800983,Not Using Contact Responses,2013,HI,ols,4631,4631
0.0423716603583515,0.0833875584898865,0.123053749185078,0.131958150444885,Not Using Contact Responses,2015,HI,ols,6089,6089
0.0365682513794605,0.107834677635688,0.158216552140111,0.158216552140111,Not Using Contact Responses,2017,HI,ols,6031,6031
