real_missing_prop,real_prop,pred_prop,pred_prop_2017,predset,year,pred_state,model,n,n_non_missing
0.0146453469647078,0.059772000513074,0.042904908405875,0.0888853529904347,Using Contact Responses,2013,MI,ols,4266,4266
0.0146320628399008,0.0825986970076306,0.105580597746099,0.113636179224192,Using Contact Responses,2015,MI,ols,4816,4816
0.0198140125180054,0.087130996877782,0.129613048799028,0.129613048799028,Using Contact Responses,2017,MI,ols,1626,1626
0.0146453469647078,0.059772000513074,0.0455031466653287,0.0914835912498884,Not Using Contact Responses,2013,MI,ols,4266,4266
0.0146320628399008,0.0825986970076306,0.106033777714098,0.114089359192192,Not Using Contact Responses,2015,MI,ols,4816,4816
0.0198140125180054,0.087130996877782,0.128836254492585,0.128836254492585,Not Using Contact Responses,2017,MI,ols,1626,1626
