real_missing_prop,real_prop,pred_prop,pred_prop_2017,predset,year,pred_state,model,n,n_non_missing
0.0126885833530947,0.07954842799682,0.0873303316148114,0.0924884640120091,Using Contact Responses,2015,VT,lassolog,21013,21013
0.00736577856657778,0.099859188027376,0.116744010752018,0.116744010752018,Using Contact Responses,2017,VT,lassolog,20653,20653
0.0126885833530947,0.07954842799682,0.0844390452509845,0.0901057159879153,Not Using Contact Responses,2015,VT,lassolog,21013,21013
0.00736577856657778,0.099859188027376,0.117034540627516,0.117034540627516,Not Using Contact Responses,2017,VT,lassolog,20653,20653
