real_missing_prop,real_prop,pred_prop,pred_prop_2017,predset,year,pred_state,model,n,n_non_missing
0.0330466559186521,0.109772557911893,0.0946727285348908,0.102709018738782,Using Contact Responses,2015,NM,gbrt,8304,8304
0.0398762290567318,0.111482270437674,0.108406072526834,0.108406072526834,Using Contact Responses,2017,NM,gbrt,5781,5781
0.0330466559186521,0.109772557911893,0.093634523829056,0.102898207059511,Not Using Contact Responses,2015,NM,gbrt,8304,8304
0.0398762290567318,0.111482270437674,0.111045369891282,0.111045369891282,Not Using Contact Responses,2017,NM,gbrt,5781,5781
