real_missing_prop,real_prop,pred_prop,pred_prop_2017,predset,year,pred_state,model,n,n_non_missing
0.105535736656018,0.055498051699152,0.0742368188944951,0.102556442125116,Using Contact Responses,2013,NC,ridgelog,1846,1846
0.0305184140154312,0.0845279193630389,0.0901583191442684,0.10117652043335,Using Contact Responses,2015,NC,ridgelog,6178,6178
0.0326641102476071,0.103833404258213,0.109881653699757,0.109881653699757,Using Contact Responses,2017,NC,ridgelog,3151,3151
0.105535736656018,0.055498051699152,0.0704849126240749,0.101672373390575,Not Using Contact Responses,2013,NC,ridgelog,1846,1846
0.0305184140154312,0.0845279193630389,0.0881671538427486,0.100333764460215,Not Using Contact Responses,2015,NC,ridgelog,6178,6178
0.0326641102476071,0.103833404258213,0.107237609016812,0.107237609016812,Not Using Contact Responses,2017,NC,ridgelog,3151,3151
