real_missing_prop,real_prop,pred_prop,pred_prop_2017,predset,year,pred_state,model,n,n_non_missing
0.0281009061866629,0.0628094724524842,0.0561740243245582,0.0823547380400695,Using Contact Responses,2013,HI,lassolog,4631,4631
0.0423716603583515,0.0833875584898865,0.0719049269748603,0.0821976873901278,Using Contact Responses,2015,HI,lassolog,6089,6089
0.0365682513794605,0.107834677635688,0.0879950372459433,0.0879950372459433,Using Contact Responses,2017,HI,lassolog,6031,6031
0.0281009061866629,0.0628094724524842,0.0536715175228034,0.0822679873284895,Not Using Contact Responses,2013,HI,lassolog,4631,4631
0.0423716603583515,0.0833875584898865,0.0724501526839931,0.0838105297148404,Not Using Contact Responses,2015,HI,lassolog,6089,6089
0.0365682513794605,0.107834677635688,0.0855167156239747,0.0855167156239747,Not Using Contact Responses,2017,HI,lassolog,6031,6031
