real_missing_prop,real_prop,pred_prop,pred_prop_2017,predset,year,pred_state,model,n,n_non_missing
0.105535736656018,0.055498051699152,0.0658163918128165,0.0857287031590873,Using Contact Responses,2013,NC,logit,1846,1846
0.0305184140154312,0.0845279193630389,0.074798709732382,0.0809223563832106,Using Contact Responses,2015,NC,logit,6178,6178
0.0326641102476071,0.103833404258213,0.0860749145122119,0.0860749145122119,Using Contact Responses,2017,NC,logit,3151,3151
0.105535736656018,0.055498051699152,0.0620681843783756,0.0845795774920312,Not Using Contact Responses,2013,NC,logit,1846,1846
0.0305184140154312,0.0845279193630389,0.0725205864743596,0.0794378735961494,Not Using Contact Responses,2015,NC,logit,6178,6178
0.0326641102476071,0.103833404258213,0.0826277196781974,0.0826277196781974,Not Using Contact Responses,2017,NC,logit,3151,3151
