real_missing_prop,real_prop,pred_prop,pred_prop_2017,predset,year,pred_state,model,n,n_non_missing
0.0372498864654442,0.0838786098499776,0.0828640539207531,0.0828640539207531,Using Contact Responses,2017,IA,ridge,1691,1691
0.0372498864654442,0.0838786098499776,0.0845730941017708,0.0845730941017708,Not Using Contact Responses,2017,IA,ridge,1691,1691
