real_missing_prop,real_prop,pred_prop,pred_prop_2017,predset,year,pred_state,model,n,n_non_missing
0.0462559653826705,0.0918595241935373,0.078534652542605,0.0816616531379988,Using Contact Responses,2015,NY,lassolog,10834,10834
0.0356624156385554,0.112334567614473,0.0680662322099665,0.0680662322099665,Using Contact Responses,2017,NY,lassolog,11411,11411
0.0462559653826705,0.0918595241935373,0.0736764315545283,0.0770192336200978,Not Using Contact Responses,2015,NY,lassolog,10834,10834
0.0356624156385554,0.112334567614473,0.0641360101023023,0.0641360101023023,Not Using Contact Responses,2017,NY,lassolog,11411,11411
