real_missing_prop,real_prop,pred_prop,pred_prop_2017,predset,year,pred_state,model,n,n_non_missing
0.0227091101697785,0.0528903411271616,0.0438827384233821,0.0759234872761271,Using Contact Responses,2013,WI,lasso,2843,2843
0.0257766229526933,0.0955551899251074,0.0917133684615573,0.0917133684615573,Using Contact Responses,2017,WI,lasso,2067,2067
0.0227091101697785,0.0528903411271616,0.0434818324732278,0.0755225813259728,Not Using Contact Responses,2013,WI,lasso,2843,2843
0.0257766229526933,0.0955551899251074,0.0932390324099475,0.0932390324099475,Not Using Contact Responses,2017,WI,lasso,2067,2067
