real_missing_prop,real_prop,pred_prop,pred_prop_2017,predset,year,pred_state,model,n,n_non_missing
0.0242632047516875,0.091674422819361,0.102197837821203,0.109347798618938,Using Contact Responses,2015,WV,rf,1622,1622
0.0182889712356681,0.092228511261465,0.105079988816232,0.105079988816232,Using Contact Responses,2017,WV,rf,1563,1563
0.0242632047516875,0.091674422819361,0.0866838288742929,0.096747326752516,Not Using Contact Responses,2015,WV,rf,1622,1622
0.0182889712356681,0.092228511261465,0.0970835506215644,0.0970835506215644,Not Using Contact Responses,2017,WV,rf,1563,1563
