real_missing_prop,real_prop,pred_prop,pred_prop_2017,predset,year,pred_state,model,n,n_non_missing
0.0980581137551197,0.0860333838988491,0.126170308659989,0.138629942753792,Using Contact Responses,2015,CT,lasso,2398,2398
0.0432202742439176,0.105643059437242,0.1487758190864,0.1487758190864,Using Contact Responses,2017,CT,lasso,2425,2425
0.0980581137551197,0.0860333838988491,0.127656008534551,0.140115642628354,Not Using Contact Responses,2015,CT,lasso,2398,2398
0.0432202742439176,0.105643059437242,0.143539715937044,0.143539715937044,Not Using Contact Responses,2017,CT,lasso,2425,2425
