real_missing_prop,real_prop,pred_prop,pred_prop_2017,predset,year,pred_state,model,n,n_non_missing
0.054691219230649,0.0678238694557725,0.0341074600126088,0.0687223349573575,Using Contact Responses,2013,FL,ridge,6089,6089
0.0688018122922938,0.0766931744154104,0.0554835331290446,0.0663603009481616,Using Contact Responses,2015,FL,ridge,6359,6359
0.0391975255341764,0.0993134122973734,0.0632429337543002,0.0632429337543002,Using Contact Responses,2017,FL,ridge,6171,6171
0.054691219230649,0.0678238694557725,0.032425762799976,0.0670406377447247,Not Using Contact Responses,2013,FL,ridge,6089,6089
0.0688018122922938,0.0766931744154104,0.0531547457928284,0.0640315136119453,Not Using Contact Responses,2015,FL,ridge,6359,6359
0.0391975255341764,0.0993134122973734,0.0594626092728205,0.0594626092728205,Not Using Contact Responses,2017,FL,ridge,6171,6171
