real_missing_prop,real_prop,pred_prop,pred_prop_2017,predset,year,pred_state,model,n,n_non_missing
0.054691219230649,0.0678238694557725,0.0383267623632581,0.0708447735171547,Using Contact Responses,2013,FL,ols,6089,6089
0.0688018122922938,0.0766931744154104,0.013323063339946,0.0176185724637924,Using Contact Responses,2015,FL,ols,6359,6359
0.0391975255341764,0.0993134122973734,-0.0125983426442153,-0.0125983426442153,Using Contact Responses,2017,FL,ols,6171,6171
0.054691219230649,0.0678238694557725,0.0369709373017978,0.0694889484556945,Not Using Contact Responses,2013,FL,ols,6089,6089
0.0688018122922938,0.0766931744154104,0.0114915722935612,0.0157870814174076,Not Using Contact Responses,2015,FL,ols,6359,6359
0.0391975255341764,0.0993134122973734,-0.0160583641458389,-0.0160583641458389,Not Using Contact Responses,2017,FL,ols,6171,6171
