real_missing_prop,real_prop,pred_prop,pred_prop_2017,predset,year,pred_state,model,n,n_non_missing
0.0214360478492979,0.104839175135925,0.114005699672255,0.114005699672255,Using Contact Responses,2017,TX,rf,2113,2113
0.0214360478492979,0.104839175135925,0.114677312503153,0.114677312503153,Not Using Contact Responses,2017,TX,rf,2113,2113
