real_missing_prop,real_prop,pred_prop,pred_prop_2017,predset,year,pred_state,model,n,n_non_missing
0.0229588959156148,0.0825797937555432,0.0810735101750259,0.0886444619179954,Using Contact Responses,2015,PA,gbrt,2899,2899
0.0241760555475732,0.0907675070964858,0.107094493847331,0.107094493847331,Using Contact Responses,2017,PA,gbrt,3761,3761
0.0229588959156148,0.0825797937555432,0.0797737797028837,0.0889160129934388,Not Using Contact Responses,2015,PA,gbrt,2899,2899
0.0241760555475732,0.0907675070964858,0.108977501824489,0.108977501824489,Not Using Contact Responses,2017,PA,gbrt,3761,3761
