real_missing_prop,real_prop,pred_prop,pred_prop_2017,predset,year,pred_state,model,n,n_non_missing
0.0795057359573848,0.117408697019487,0.0933897345173159,0.0933897345173159,Not Using Contact Responses,2017,MD,lassolog,51087,51087
0.060170419278453,0.105672762642636,0.0838370696296797,0.0983657519716588,Using Contact Responses,2015,MD,lassolog,55596,55596
0.060170419278453,0.105672762642636,0.0756704021847949,0.0909066261669458,Not Using Contact Responses,2015,MD,lassolog,55596,55596
