real_missing_prop,real_prop,pred_prop,pred_prop_2017,predset,year,pred_state,model,n,n_non_missing
0.0188816605083887,0.0753629931178234,0.0862028054904104,0.0953310514422267,Using Contact Responses,2013,RI,rf,2453,2453
0.0264420987982099,0.0951338758955237,0.0965584937139752,0.102564860730962,Using Contact Responses,2015,RI,rf,3462,3462
0.0157892793213527,0.109487118907166,0.10957333020897,0.10957333020897,Using Contact Responses,2017,RI,rf,2221,2221
0.0188816605083887,0.0753629931178234,0.0751376499695311,0.0877282823948891,Not Using Contact Responses,2013,RI,rf,2453,2453
0.0264420987982099,0.0951338758955237,0.0917674031784401,0.09857532359325,Not Using Contact Responses,2015,RI,rf,3462,3462
0.0157892793213527,0.109487118907166,0.101597915437396,0.101597915437396,Not Using Contact Responses,2017,RI,rf,2221,2221
