real_missing_prop,real_prop,pred_prop,pred_prop_2017,predset,year,pred_state,model,n,n_non_missing
0.0229588959156148,0.0825797937555432,0.09080089774944,0.0943898041142998,Using Contact Responses,2015,PA,ridgelog,2899,2899
0.0241760555475732,0.0907675070964858,0.131483637762178,0.131483637762178,Using Contact Responses,2017,PA,ridgelog,3761,3761
0.0229588959156148,0.0825797937555432,0.0904516675363436,0.0944020547641403,Not Using Contact Responses,2015,PA,ridgelog,2899,2899
0.0241760555475732,0.0907675070964858,0.134275620667433,0.134275620667433,Not Using Contact Responses,2017,PA,ridgelog,3761,3761
