real_missing_prop,real_prop,pred_prop,pred_prop_2017,predset,year,pred_state,model,n,n_non_missing
0.0223134760974457,0.0790049923461599,0.0979289295267641,0.107150247502458,Using Contact Responses,2013,IL,rf,3276,3276
0.0362189368386985,0.0898369956455114,0.0913149671894971,0.0986734986860815,Using Contact Responses,2015,IL,rf,3282,3282
0.0467238807769449,0.0968481982908234,0.115573156093767,0.115573156093767,Using Contact Responses,2017,IL,rf,5010,5010
0.0223134760974457,0.0790049923461599,0.09460422959971,0.106095628164191,Not Using Contact Responses,2013,IL,rf,3276,3276
0.0362189368386985,0.0898369956455114,0.0806876254809167,0.0900779278749162,Not Using Contact Responses,2015,IL,rf,3282,3282
0.0467238807769449,0.0968481982908234,0.105966217770637,0.105966217770637,Not Using Contact Responses,2017,IL,rf,5010,5010
