real_missing_prop,real_prop,pred_prop,pred_prop_2017,predset,year,pred_state,model,n,n_non_missing
0.0157563359473316,0.0929028176031623,0.100450702173312,0.116105818207012,Using Contact Responses,2015,NV,logit,1452,1452
0.0250174239447728,0.130572052976703,0.116105818207012,0.116105818207012,Using Contact Responses,2017,NV,logit,1667,1667
0.0157563359473316,0.0929028176031623,0.100450702173312,0.116105818207012,Not Using Contact Responses,2015,NV,logit,1452,1452
0.0250174239447728,0.130572052976703,0.116105818207012,0.116105818207012,Not Using Contact Responses,2017,NV,logit,1667,1667
