real_missing_prop,real_prop,pred_prop,pred_prop_2017,predset,year,pred_state,model,n,n_non_missing
0.0242632047516875,0.091674422819361,0.0977486164016197,0.113450212710135,Using Contact Responses,2015,WV,logit,1622,1622
0.0182889712356681,0.092228511261465,0.113450212710135,0.113450212710135,Using Contact Responses,2017,WV,logit,1563,1563
0.0242632047516875,0.091674422819361,0.0977486164016197,0.113450212710135,Not Using Contact Responses,2015,WV,logit,1622,1622
0.0182889712356681,0.092228511261465,0.113450212710135,0.113450212710135,Not Using Contact Responses,2017,WV,logit,1563,1563
