real_missing_prop,real_prop,pred_prop,pred_prop_2017,predset,year,pred_state,model,n,n_non_missing
0.00921239355456494,0.0599575011973573,0.0503523927415106,0.0763947593930547,Using Contact Responses,2013,ME,ridge,9017,9017
0.0115176923282421,0.0836722974910217,0.0571355783107745,0.0652942496329275,Using Contact Responses,2015,ME,ridge,9605,9605
0.00924242955269705,0.112990328565787,0.0665476792127979,0.0665476792127979,Using Contact Responses,2017,ME,ridge,9501,9501
0.00921239355456494,0.0599575011973573,0.0517581543366241,0.0778005209881682,Not Using Contact Responses,2013,ME,ridge,9017,9017
0.0115176923282421,0.0836722974910217,0.0569137517200705,0.0650724230422234,Not Using Contact Responses,2015,ME,ridge,9605,9605
0.00924242955269705,0.112990328565787,0.0663800670434369,0.0663800670434369,Not Using Contact Responses,2017,ME,ridge,9501,9501
