real_missing_prop,real_prop,pred_prop,pred_prop_2017,predset,year,pred_state,model,n,n_non_missing
0.0462559653826705,0.0918595241935373,0.059321562968172,0.0625354038217216,Using Contact Responses,2015,NY,ols,10834,10834
0.0356624156385554,0.112334567614473,0.0435633362405123,0.0435633362405123,Using Contact Responses,2017,NY,ols,11411,11411
0.0462559653826705,0.0918595241935373,0.0571206526029568,0.0603344934565064,Not Using Contact Responses,2015,NY,ols,10834,10834
0.0356624156385554,0.112334567614473,0.0422550027859393,0.0422550027859393,Not Using Contact Responses,2017,NY,ols,11411,11411
