real_missing_prop,real_prop,pred_prop,pred_prop_2017,predset,year,pred_state,model,n,n_non_missing
0.017519902700432,0.0752293988706872,0.0780561669310154,0.084794998129317,Using Contact Responses,2015,WY,gbrt,2424,2424
0.017519902700432,0.0752293988706872,0.0788730133331474,0.0865228972554508,Not Using Contact Responses,2015,WY,gbrt,2424,2424
