real_missing_prop,real_prop,pred_prop,pred_prop_2017,predset,year,pred_state,model,n,n_non_missing
0.0330466559186521,0.109772557911893,0.109231186394659,0.120582256482137,Using Contact Responses,2015,NM,ols,8304,8304
0.0398762290567318,0.111482270437674,0.129417887615981,0.129417887615981,Using Contact Responses,2017,NM,ols,5781,5781
0.0330466559186521,0.109772557911893,0.10674486590243,0.118095935989908,Not Using Contact Responses,2015,NM,ols,8304,8304
0.0398762290567318,0.111482270437674,0.127899480814923,0.127899480814923,Not Using Contact Responses,2017,NM,ols,5781,5781
