real_missing_prop,real_prop,pred_prop,pred_prop_2017,predset,year,pred_state,model,n,n_non_missing
0.0462559653826705,0.0918595241935373,0.071033207414157,0.084169792839163,Using Contact Responses,2015,NY,lasso,10834,10834
0.0356624156385554,0.112334567614473,0.0692886934917223,0.0692886934917223,Using Contact Responses,2017,NY,lasso,11411,11411
0.0462559653826705,0.0918595241935373,0.0678358532657329,0.0809724386907389,Not Using Contact Responses,2015,NY,lasso,10834,10834
0.0356624156385554,0.112334567614473,0.0669897776665728,0.0669897776665728,Not Using Contact Responses,2017,NY,lasso,11411,11411
