real_missing_prop,real_prop,pred_prop,pred_prop_2017,predset,year,pred_state,model,n,n_non_missing
0.00921239355456494,0.0599575011973573,0.0132953170263836,0.0285275024277823,Using Contact Responses,2013,ME,ols,9017,9017
0.0115176923282421,0.0836722974910217,-0.00871131877332927,-0.00658735239780113,Using Contact Responses,2015,ME,ols,9605,9605
0.00924242955269705,0.112990328565787,0.0034717765451467,0.0034717765451467,Using Contact Responses,2017,ME,ols,9501,9501
0.00921239355456494,0.0599575011973573,0.0161044642126715,0.0313366496140702,Not Using Contact Responses,2013,ME,ols,9017,9017
0.0115176923282421,0.0836722974910217,-0.00788490163289682,-0.00576093525736868,Not Using Contact Responses,2015,ME,ols,9605,9605
0.00924242955269705,0.112990328565787,0.00440216330848315,0.00440216330848315,Not Using Contact Responses,2017,ME,ols,9501,9501
