real_missing_prop,real_prop,pred_prop,pred_prop_2017,predset,year,pred_state,model,n,n_non_missing
0.0157563359473316,0.0929028176031623,0.0941154730004484,0.106309430532351,Using Contact Responses,2015,NV,lasso,1452,1452
0.0250174239447728,0.130572052976703,0.121529924513311,0.121529924513311,Using Contact Responses,2017,NV,lasso,1667,1667
0.0157563359473316,0.0929028176031623,0.0891645015524135,0.101358459084316,Not Using Contact Responses,2015,NV,lasso,1452,1452
0.0250174239447728,0.130572052976703,0.112964676804609,0.112964676804609,Not Using Contact Responses,2017,NV,lasso,1667,1667
