real_missing_prop,real_prop,pred_prop,pred_prop_2017,predset,year,pred_state,model,n,n_non_missing
0.0227091101697785,0.0528903411271616,0.0755181273092302,0.08427094462983,Using Contact Responses,2013,WI,rf,2843,2843
0.0257766229526933,0.0955551899251074,0.101564341672762,0.101564341672762,Using Contact Responses,2017,WI,rf,2067,2067
0.0227091101697785,0.0528903411271616,0.0672267704020464,0.0800845400923166,Not Using Contact Responses,2013,WI,rf,2843,2843
0.0257766229526933,0.0955551899251074,0.10073346809977,0.10073346809977,Not Using Contact Responses,2017,WI,rf,2067,2067
