real_missing_prop,real_prop,pred_prop,pred_prop_2017,predset,year,pred_state,model,n,n_non_missing
0.0281009061866629,0.0628094724524842,0.0666129020677294,0.0959165761228994,Using Contact Responses,2013,HI,ridgelog,4631,4631
0.0423716603583515,0.0833875584898865,0.0942959761209166,0.106603328902742,Using Contact Responses,2015,HI,ridgelog,6089,6089
0.0365682513794605,0.107834677635688,0.112251795929252,0.112251795929252,Using Contact Responses,2017,HI,ridgelog,6031,6031
0.0281009061866629,0.0628094724524842,0.0655346094859484,0.0975670304551007,Not Using Contact Responses,2013,HI,ridgelog,4631,4631
0.0423716603583515,0.0833875584898865,0.0973023713499413,0.110819468546453,Not Using Contact Responses,2015,HI,ridgelog,6089,6089
0.0365682513794605,0.107834677635688,0.112135194574044,0.112135194574044,Not Using Contact Responses,2017,HI,ridgelog,6031,6031
