real_missing_prop,real_prop,pred_prop,pred_prop_2017,predset,year,pred_state,model,n,n_non_missing
0.0188816605083887,0.0753629931178234,0.0458614499585265,0.0822388798957172,Using Contact Responses,2013,RI,ridge,2453,2453
0.0264420987982099,0.0951338758955237,0.076273677727509,0.0890910874671608,Using Contact Responses,2015,RI,ridge,3462,3462
0.0157892793213527,0.109487118907166,0.0848484771066263,0.0848484771066263,Using Contact Responses,2017,RI,ridge,2221,2221
0.0188816605083887,0.0753629931178234,0.0458421699470577,0.0822195998842485,Not Using Contact Responses,2013,RI,ridge,2453,2453
0.0264420987982099,0.0951338758955237,0.0767891754843702,0.089606585224022,Not Using Contact Responses,2015,RI,ridge,3462,3462
0.0157892793213527,0.109487118907166,0.0828277904286878,0.0828277904286878,Not Using Contact Responses,2017,RI,ridge,2221,2221
