real_missing_prop,real_prop,pred_prop,pred_prop_2017,predset,year,pred_state,model,n,n_non_missing
0.0146453469647078,0.059772000513074,0.0652180065473378,0.0960422460735664,Using Contact Responses,2013,MI,lassolog,4266,4266
0.0146320628399008,0.0825986970076306,0.0979030160537475,0.111016931812934,Using Contact Responses,2015,MI,lassolog,4816,4816
0.0198140125180054,0.087130996877782,0.1131341019412,0.1131341019412,Using Contact Responses,2017,MI,lassolog,1626,1626
0.0146453469647078,0.059772000513074,0.0624717099936643,0.0963903029776568,Not Using Contact Responses,2013,MI,lassolog,4266,4266
0.0146320628399008,0.0825986970076306,0.0954941461647726,0.110065475767796,Not Using Contact Responses,2015,MI,lassolog,4816,4816
0.0198140125180054,0.087130996877782,0.110662072406379,0.110662072406379,Not Using Contact Responses,2017,MI,lassolog,1626,1626
