real_missing_prop,real_prop,pred_prop,pred_prop_2017,predset,year,pred_state,model,n,n_non_missing
0.0147512447826599,0.0756307522374961,0.0790204829565221,0.0879481581269867,Using Contact Responses,2015,CA,rf,1943,1943
0.00993085361777935,0.0930920308158224,0.108988084192215,0.108988084192215,Using Contact Responses,2017,CA,rf,1778,1778
0.0147512447826599,0.0756307522374961,0.076527280349168,0.0876135774003156,Not Using Contact Responses,2015,CA,rf,1943,1943
0.00993085361777935,0.0930920308158224,0.101427920496419,0.101427920496419,Not Using Contact Responses,2017,CA,rf,1778,1778
