real_missing_prop,real_prop,pred_prop,pred_prop_2017,predset,year,pred_state,model,n,n_non_missing
0.0695855925581497,0.0939873193167301,0.112552763598295,0.12575210785754,Using Contact Responses,2015,AR,lasso,2880,2880
0.0552195677497452,0.133964826333683,0.149524874287174,0.149524874287174,Using Contact Responses,2017,AR,lasso,1682,1682
0.0695855925581497,0.0939873193167301,0.11319058467299,0.126389928932235,Not Using Contact Responses,2015,AR,lasso,2880,2880
0.0552195677497452,0.133964826333683,0.144510930185087,0.144510930185087,Not Using Contact Responses,2017,AR,lasso,1682,1682
