real_missing_prop,real_prop,pred_prop,pred_prop_2017,predset,year,pred_state,model,n,n_non_missing
0.0227091101697785,0.0528903411271616,0.0659540626355675,0.0710214390402843,Using Contact Responses,2013,WI,lassolog,2843,2843
0.0257766229526933,0.0955551899251074,0.0893362864472194,0.0893362864472194,Using Contact Responses,2017,WI,lassolog,2067,2067
0.0227091101697785,0.0528903411271616,0.0640569783139245,0.0696758264628627,Not Using Contact Responses,2013,WI,lassolog,2843,2843
0.0257766229526933,0.0955551899251074,0.0904339623774736,0.0904339623774736,Not Using Contact Responses,2017,WI,lassolog,2067,2067
