real_missing_prop,real_prop,pred_prop,pred_prop_2017,predset,year,pred_state,model,n,n_non_missing
0.134042813981521,0.112135460410539,0.107457900801766,0.107457900801766,Using Contact Responses,2017,SC,ridgelog,1501,1501
0.134042813981521,0.112135460410539,0.103879850118655,0.103879850118655,Not Using Contact Responses,2017,SC,ridgelog,1501,1501
