real_missing_prop,real_prop,pred_prop,pred_prop_2017,predset,year,pred_state,model,n,n_non_missing
0.0547591247943839,0.0580503324467007,0.0708852728361445,0.0742347537028221,Using Contact Responses,2015,OK,ridgelog,1611,1611
0.0254729753344359,0.0951059503302818,0.0860554300912353,0.0860554300912353,Using Contact Responses,2017,OK,ridgelog,1649,1649
0.0547591247943839,0.0580503324467007,0.0678477818711837,0.0714970557084201,Not Using Contact Responses,2015,OK,ridgelog,1611,1611
0.0254729753344359,0.0951059503302818,0.0826707306084424,0.0826707306084424,Not Using Contact Responses,2017,OK,ridgelog,1649,1649
