real_missing_prop,real_prop,pred_prop,pred_prop_2017,predset,year,pred_state,model,n,n_non_missing
0.0227091101697785,0.0528903411271616,0.0534602897693129,0.0930258553877065,Using Contact Responses,2013,WI,ols,2843,2843
0.0257766229526933,0.0955551899251074,0.0489276291705364,0.0489276291705364,Using Contact Responses,2017,WI,ols,2067,2067
0.0227091101697785,0.0528903411271616,0.0561191730384202,0.0956847386568138,Not Using Contact Responses,2013,WI,ols,2843,2843
0.0257766229526933,0.0955551899251074,0.0533484213894134,0.0533484213894134,Not Using Contact Responses,2017,WI,ols,2067,2067
