real_missing_prop,real_prop,pred_prop,pred_prop_2017,predset,year,pred_state,model,n,n_non_missing
0.0980581137551197,0.0860333838988491,0.120265060835568,0.132656576935633,Using Contact Responses,2015,CT,ridge,2398,2398
0.0432202742439176,0.105643059437242,0.137772804359921,0.137772804359921,Using Contact Responses,2017,CT,ridge,2425,2425
0.0980581137551197,0.0860333838988491,0.121529878621158,0.133921394721223,Not Using Contact Responses,2015,CT,ridge,2398,2398
0.0432202742439176,0.105643059437242,0.133370093703576,0.133370093703576,Not Using Contact Responses,2017,CT,ridge,2425,2425
