real_missing_prop,real_prop,pred_prop,pred_prop_2017,predset,year,pred_state,model,n,n_non_missing
0.0126885833530947,0.07954842799682,0.0940034243743626,0.106905850557568,Using Contact Responses,2015,VT,ridge,21013,21013
0.00736577856657778,0.099859188027376,0.131196966697138,0.131196966697138,Using Contact Responses,2017,VT,ridge,20653,20653
0.0126885833530947,0.07954842799682,0.0940871051536809,0.106989531336886,Not Using Contact Responses,2015,VT,ridge,21013,21013
0.00736577856657778,0.099859188027376,0.131163146809172,0.131163146809172,Not Using Contact Responses,2017,VT,ridge,20653,20653
