real_missing_prop,real_prop,pred_prop,pred_prop_2017,predset,year,pred_state,model,n,n_non_missing
0.0795057359573848,0.117408697019487,0.0909506378431359,0.0909506378431359,Not Using Contact Responses,2017,MD,ridgelog,51087,51087
0.060170419278453,0.105672762642636,0.0825336789322598,0.0964639187590258,Using Contact Responses,2015,MD,ridgelog,55596,55596
0.060170419278453,0.105672762642636,0.0757617907318716,0.0902902629890824,Not Using Contact Responses,2015,MD,ridgelog,55596,55596
