real_missing_prop,real_prop,pred_prop,pred_prop_2017,predset,year,pred_state,model,n,n_non_missing
0.0151575488383084,0.0928250603384332,0.106857873788684,0.119051788656083,Using Contact Responses,2015,KY,ridge,2577,2577
0.0168459271741048,0.111385982394862,0.108804032782043,0.108804032782043,Using Contact Responses,2017,KY,ridge,1997,1997
0.0151575488383084,0.0928250603384332,0.102764340379827,0.114958255247225,Not Using Contact Responses,2015,KY,ridge,2577,2577
0.0168459271741048,0.111385982394862,0.105304232546622,0.105304232546622,Not Using Contact Responses,2017,KY,ridge,1997,1997
