real_missing_prop,real_prop,pred_prop,pred_prop_2017,predset,year,pred_state,model,n,n_non_missing
0.0188816605083887,0.0753629931178234,0.065368934264918,0.097530253559846,Using Contact Responses,2013,RI,lasso,2453,2453
0.0264420987982099,0.0951338758955237,0.0964370775749072,0.108630179443072,Using Contact Responses,2015,RI,lasso,3462,3462
0.0157892793213527,0.109487118907166,0.111400892858941,0.111400892858941,Using Contact Responses,2017,RI,lasso,2221,2221
0.0188816605083887,0.0753629931178234,0.0634683824732407,0.0956297017681688,Not Using Contact Responses,2013,RI,lasso,2453,2453
0.0264420987982099,0.0951338758955237,0.0955292301811043,0.107722332049269,Not Using Contact Responses,2015,RI,lasso,3462,3462
0.0157892793213527,0.109487118907166,0.107427709964949,0.107427709964949,Not Using Contact Responses,2017,RI,lasso,2221,2221
