real_missing_prop,real_prop,pred_prop,pred_prop_2017,predset,year,pred_state,model,n,n_non_missing
0.0547591247943839,0.0580503324467007,0.102913884261919,0.118755760270626,Using Contact Responses,2015,OK,logit,1611,1611
0.0254729753344359,0.0951059503302818,0.118755760270626,0.118755760270626,Using Contact Responses,2017,OK,logit,1649,1649
0.0547591247943839,0.0580503324467007,0.102913884261919,0.118755760270626,Not Using Contact Responses,2015,OK,logit,1611,1611
0.0254729753344359,0.0951059503302818,0.118755760270626,0.118755760270626,Not Using Contact Responses,2017,OK,logit,1649,1649
