real_missing_prop,real_prop,pred_prop,pred_prop_2017,predset,year,pred_state,model,n,n_non_missing
0.0547591247943839,0.0580503324467007,0.0713494022996404,0.0751014554935754,Using Contact Responses,2015,OK,lassolog,1611,1611
0.0254729753344359,0.0951059503302818,0.0855920874889452,0.0855920874889452,Using Contact Responses,2017,OK,lassolog,1649,1649
0.0547591247943839,0.0580503324467007,0.0686947885360036,0.0728936898066698,Not Using Contact Responses,2015,OK,lassolog,1611,1611
0.0254729753344359,0.0951059503302818,0.0825554791424647,0.0825554791424647,Not Using Contact Responses,2017,OK,lassolog,1649,1649
