real_missing_prop,real_prop,pred_prop,pred_prop_2017,predset,year,pred_state,model,n,n_non_missing
0.0709042253289908,0.0794222775525731,0.0819744479138956,0.0930584512075699,Not Using Contact Responses,2013,AZ,gbrt,1623,1623
0.115807658781477,0.0854261608337977,0.0804077189972831,0.0902002724013517,Not Using Contact Responses,2015,AZ,gbrt,2582,2582
0.0228700744367336,0.113423415308664,0.0842849272003348,0.0842849272003348,Not Using Contact Responses,2017,AZ,gbrt,2139,2139
