real_missing_prop,real_prop,pred_prop,pred_prop_2017,predset,year,pred_state,model,n,n_non_missing
0.0229588959156148,0.0825797937555432,0.148355178351511,0.151642707777516,Using Contact Responses,2015,PA,ols,2899,2899
0.0241760555475732,0.0907675070964858,0.19421832474681,0.19421832474681,Using Contact Responses,2017,PA,ols,3761,3761
0.0229588959156148,0.0825797937555432,0.150479256514319,0.153766785940325,Not Using Contact Responses,2015,PA,ols,2899,2899
0.0241760555475732,0.0907675070964858,0.19605168477929,0.19605168477929,Not Using Contact Responses,2017,PA,ols,3761,3761
