real_missing_prop,real_prop,pred_prop,pred_prop_2017,predset,year,pred_state,model,n,n_non_missing
0.0547591247943839,0.0580503324467007,0.0604667190506475,0.0724312698034349,Using Contact Responses,2015,OK,lasso,1611,1611
0.0254729753344359,0.0951059503302818,0.0776451604836274,0.0776451604836274,Using Contact Responses,2017,OK,lasso,1649,1649
0.0547591247943839,0.0580503324467007,0.0621634933236877,0.0741280440764751,Not Using Contact Responses,2015,OK,lasso,1611,1611
0.0254729753344359,0.0951059503302818,0.0757520545351463,0.0757520545351463,Not Using Contact Responses,2017,OK,lasso,1649,1649
