real_missing_prop,real_prop,pred_prop,pred_prop_2017,predset,year,pred_state,model,n,n_non_missing
0.0223134760974457,0.0790049923461599,0.074212336948949,0.104087587657997,Using Contact Responses,2013,IL,lassolog,3276,3276
0.0362189368386985,0.0898369956455114,0.0786098734095349,0.0899368635959517,Using Contact Responses,2015,IL,lassolog,3282,3282
0.0467238807769449,0.0968481982908234,0.118526717635716,0.118526717635716,Using Contact Responses,2017,IL,lassolog,5010,5010
0.0223134760974457,0.0790049923461599,0.068420103026441,0.101669860042104,Not Using Contact Responses,2013,IL,lassolog,3276,3276
0.0362189368386985,0.0898369956455114,0.0739659333673656,0.0861948574786012,Not Using Contact Responses,2015,IL,lassolog,3282,3282
0.0467238807769449,0.0968481982908234,0.115223864150585,0.115223864150585,Not Using Contact Responses,2017,IL,lassolog,5010,5010
