real_missing_prop,real_prop,pred_prop,pred_prop_2017,predset,year,pred_state,model,n,n_non_missing
0.0285644368382089,0.0859725649430007,0.0915855358578791,0.0915855358578791,Using Contact Responses,2017,NE,lasso,1427,1427
0.0285644368382089,0.0859725649430007,0.0947019625457569,0.0947019625457569,Not Using Contact Responses,2017,NE,lasso,1427,1427
