real_missing_prop,real_prop,pred_prop,pred_prop_2017,predset,year,pred_state,model,n,n_non_missing
0.0126885833530947,0.07954842799682,0.0817856204594383,0.0860755072694278,Using Contact Responses,2015,VT,rf,21013,21013
0.00736577856657778,0.099859188027376,0.0988366561015178,0.0988366561015178,Using Contact Responses,2017,VT,rf,20653,20653
0.0126885833530947,0.07954842799682,0.0692931392746824,0.0772233150826881,Not Using Contact Responses,2015,VT,rf,21013,21013
0.00736577856657778,0.099859188027376,0.0895074548481073,0.0895074548481073,Not Using Contact Responses,2017,VT,rf,20653,20653
