real_missing_prop,real_prop,pred_prop,pred_prop_2017,predset,year,pred_state,model,n,n_non_missing
0.0214360478492979,0.104839175135925,0.105075454393317,0.105075454393317,Using Contact Responses,2017,TX,ols,2113,2113
0.0214360478492979,0.104839175135925,0.104437717906346,0.104437717906346,Not Using Contact Responses,2017,TX,ols,2113,2113
