real_missing_prop,real_prop,pred_prop,pred_prop_2017,predset,year,pred_state,model,n,n_non_missing
0.00921239355456494,0.0599575011973573,0.0698999455140442,0.0948392640761966,Using Contact Responses,2013,ME,lasso,9017,9017
0.0115176923282421,0.0836722974910217,0.0791643527744366,0.0893826775912968,Using Contact Responses,2015,ME,lasso,9605,9605
0.00924242955269705,0.112990328565787,0.0904055638565297,0.0904055638565297,Using Contact Responses,2017,ME,lasso,9501,9501
0.00921239355456494,0.0599575011973573,0.0697503690418999,0.0946896876040523,Not Using Contact Responses,2013,ME,lasso,9017,9017
0.0115176923282421,0.0836722974910217,0.0771547273590748,0.087373052175935,Not Using Contact Responses,2015,ME,lasso,9605,9605
0.00924242955269705,0.112990328565787,0.0885122610249854,0.0885122610249854,Not Using Contact Responses,2017,ME,lasso,9501,9501
