real_missing_prop,real_prop,pred_prop,pred_prop_2017,predset,year,pred_state,model,n,n_non_missing
0.0157563359473316,0.0929028176031623,0.0896663059165061,0.0940481366566132,Using Contact Responses,2015,NV,lassolog,1452,1452
0.0250174239447728,0.130572052976703,0.104771154742229,0.104771154742229,Using Contact Responses,2017,NV,lassolog,1667,1667
0.0157563359473316,0.0929028176031623,0.0873630526807186,0.0921432281953562,Not Using Contact Responses,2015,NV,lassolog,1452,1452
0.0250174239447728,0.130572052976703,0.0973815679347647,0.0973815679347647,Not Using Contact Responses,2017,NV,lassolog,1667,1667
