real_missing_prop,real_prop,pred_prop,pred_prop_2017,predset,year,pred_state,model,n,n_non_missing
0.054691219230649,0.0678238694557725,0.0574148205234151,0.0908487217228406,Using Contact Responses,2013,FL,lasso,6089,6089
0.0688018122922938,0.0766931744154104,0.0834737610747264,0.0954480665929821,Using Contact Responses,2015,FL,lasso,6359,6359
0.0391975255341764,0.0993134122973734,0.100801949869943,0.100801949869943,Using Contact Responses,2017,FL,lasso,6171,6171
0.054691219230649,0.0678238694557725,0.0531520546163512,0.0865859558157766,Not Using Contact Responses,2013,FL,lasso,6089,6089
0.0688018122922938,0.0766931744154104,0.0790402334776705,0.0910145389959263,Not Using Contact Responses,2015,FL,lasso,6359,6359
0.0391975255341764,0.0993134122973734,0.0947992672929427,0.0947992672929427,Not Using Contact Responses,2017,FL,lasso,6171,6171
