real_missing_prop,real_prop,pred_prop,pred_prop_2017,predset,year,pred_state,model,n,n_non_missing
0.0146453469647078,0.059772000513074,0.0627678657575354,0.0934267165925391,Using Contact Responses,2013,MI,logit,4266,4266
0.0146320628399008,0.0825986970076306,0.107055083335781,0.116336654068188,Using Contact Responses,2015,MI,logit,4816,4816
0.0198140125180054,0.087130996877782,0.131472105912443,0.131472105912443,Using Contact Responses,2017,MI,logit,1626,1626
0.0146453469647078,0.059772000513074,0.0617032667523017,0.0963271863555219,Not Using Contact Responses,2013,MI,logit,4266,4266
0.0146320628399008,0.0825986970076306,0.10878161857822,0.119381548291167,Not Using Contact Responses,2015,MI,logit,4816,4816
0.0198140125180054,0.087130996877782,0.135245003698814,0.135245003698814,Not Using Contact Responses,2017,MI,logit,1626,1626
