real_missing_prop,real_prop,pred_prop,pred_prop_2017,predset,year,pred_state,model,n,n_non_missing
0.00921239355456494,0.0599575011973573,0.0381146944284935,0.0488747638936161,Using Contact Responses,2013,ME,logit,9017,9017
0.0115176923282421,0.0836722974910217,0.0392342315605369,0.0412505959854097,Using Contact Responses,2015,ME,logit,9605,9605
0.00924242955269705,0.112990328565787,0.0419730428810303,0.0419730428810303,Using Contact Responses,2017,ME,logit,9501,9501
0.00921239355456494,0.0599575011973573,0.0345968722933575,0.0461090364427552,Not Using Contact Responses,2013,ME,logit,9017,9017
0.0115176923282421,0.0836722974910217,0.0341345085680441,0.0362101373972984,Not Using Contact Responses,2015,ME,logit,9605,9605
0.00924242955269705,0.112990328565787,0.037173430595148,0.037173430595148,Not Using Contact Responses,2017,ME,logit,9501,9501
