real_missing_prop,real_prop,pred_prop,pred_prop_2017,predset,year,pred_state,model,n,n_non_missing
0.017519902700432,0.0752293988706872,0.0912206815440307,0.0989536900943569,Using Contact Responses,2015,WY,rf,2424,2424
0.017519902700432,0.0752293988706872,0.0864561524459715,0.0956734484332651,Not Using Contact Responses,2015,WY,rf,2424,2424
