real_missing_prop,real_prop,pred_prop,pred_prop_2017,predset,year,pred_state,model,n,n_non_missing
0.0214360478492979,0.104839175135925,0.0919473342648686,0.0919473342648686,Using Contact Responses,2017,TX,gbrt,2113,2113
0.0214360478492979,0.104839175135925,0.0929410496149493,0.0929410496149493,Not Using Contact Responses,2017,TX,gbrt,2113,2113
