real_missing_prop,real_prop,pred_prop,pred_prop_2017,predset,year,pred_state,model,n,n_non_missing
0.0151575488383084,0.0928250603384332,0.100115575760827,0.112993626061096,Using Contact Responses,2015,KY,lassolog,2577,2577
0.0168459271741048,0.111385982394862,0.106260294018913,0.106260294018913,Using Contact Responses,2017,KY,lassolog,1997,1997
0.0151575488383084,0.0928250603384332,0.0928506002167864,0.106898573573148,Not Using Contact Responses,2015,KY,lassolog,2577,2577
0.0168459271741048,0.111385982394862,0.101509620463742,0.101509620463742,Not Using Contact Responses,2017,KY,lassolog,1997,1997
