real_missing_prop,real_prop,pred_prop,pred_prop_2017,predset,year,pred_state,model,n,n_non_missing
0.0509461867304695,0.0588255173728181,0.061843031390037,0.0925477226046435,Not Using Contact Responses,2013,ND,lassolog,1981,1981
0.01951432752118,0.0653031111973085,0.0745298052112642,0.0859333686938283,Not Using Contact Responses,2015,ND,lassolog,2121,2121
0.019207419014243,0.0917588303639436,0.0926663759205813,0.0926663759205813,Not Using Contact Responses,2017,ND,lassolog,2142,2142
