real_missing_prop,real_prop,pred_prop,pred_prop_2017,predset,year,pred_state,model,n,n_non_missing
0.134042813981521,0.112135460410539,0.11564814270551,0.11564814270551,Using Contact Responses,2017,SC,gbrt,1501,1501
0.134042813981521,0.112135460410539,0.1108693859866,0.1108693859866,Not Using Contact Responses,2017,SC,gbrt,1501,1501
