real_missing_prop,real_prop,pred_prop,pred_prop_2017,predset,year,pred_state,model,n,n_non_missing
0.134042813981521,0.112135460410539,0.124681412935635,0.124681412935635,Using Contact Responses,2017,SC,ols,1501,1501
0.134042813981521,0.112135460410539,0.122036187142141,0.122036187142141,Not Using Contact Responses,2017,SC,ols,1501,1501
