real_missing_prop,real_prop,pred_prop,pred_prop_2017,predset,year,pred_state,model,n,n_non_missing
0.105535736656018,0.055498051699152,0.0926993552257272,0.101233614700611,Using Contact Responses,2013,NC,rf,1846,1846
0.0305184140154312,0.0845279193630389,0.09815325477996,0.105510935212151,Using Contact Responses,2015,NC,rf,6178,6178
0.0326641102476071,0.103833404258213,0.116945792854567,0.116945792854567,Using Contact Responses,2017,NC,rf,3151,3151
0.105535736656018,0.055498051699152,0.0836298696241375,0.0945819172746836,Not Using Contact Responses,2013,NC,rf,1846,1846
0.0305184140154312,0.0845279193630389,0.0925134307028276,0.101676815657271,Not Using Contact Responses,2015,NC,rf,6178,6178
0.0326641102476071,0.103833404258213,0.109238325871346,0.109238325871346,Not Using Contact Responses,2017,NC,rf,3151,3151
