real_missing_prop,real_prop,pred_prop,pred_prop_2017,predset,year,pred_state,model,n,n_non_missing
0.0242632047516875,0.091674422819361,0.0949857392474401,0.100224430450171,Using Contact Responses,2015,WV,lassolog,1622,1622
0.0182889712356681,0.092228511261465,0.102602120051206,0.102602120051206,Using Contact Responses,2017,WV,lassolog,1563,1563
0.0242632047516875,0.091674422819361,0.0904766069070842,0.0962936814772133,Not Using Contact Responses,2015,WV,lassolog,1622,1622
0.0182889712356681,0.092228511261465,0.0999047511165225,0.0999047511165225,Not Using Contact Responses,2017,WV,lassolog,1563,1563
