real_missing_prop,real_prop,pred_prop,pred_prop_2017,predset,year,pred_state,model,n,n_non_missing
0.00958824286749143,0.0612016536077505,0.0646593534611314,0.102021490180915,Using Contact Responses,2013,NH,logit,1634,1634
0.0151201698470128,0.0964664974824745,0.102021490180915,0.102021490180915,Using Contact Responses,2017,NH,logit,12050,12050
0.00958824286749143,0.0612016536077505,0.0646593534611314,0.102021490180915,Not Using Contact Responses,2013,NH,logit,1634,1634
0.0151201698470128,0.0964664974824745,0.102021490180915,0.102021490180915,Not Using Contact Responses,2017,NH,logit,12050,12050
