real_missing_prop,real_prop,pred_prop,pred_prop_2017,predset,year,pred_state,model,n,n_non_missing
0.0157563359473316,0.0929028176031623,0.085780699127106,0.0896988134605529,Using Contact Responses,2015,NV,ridgelog,1452,1452
0.0250174239447728,0.130572052976703,0.103703870590007,0.103703870590007,Using Contact Responses,2017,NV,ridgelog,1667,1667
0.0157563359473316,0.0929028176031623,0.0827636377583605,0.0869405898710304,Not Using Contact Responses,2015,NV,ridgelog,1452,1452
0.0250174239447728,0.130572052976703,0.0963731103067279,0.0963731103067279,Not Using Contact Responses,2017,NV,ridgelog,1667,1667
