real_missing_prop,real_prop,pred_prop,pred_prop_2017,predset,year,pred_state,model,n,n_non_missing
0.0281009061866629,0.0628094724524842,0.0940918814828523,0.103984433525779,Using Contact Responses,2013,HI,rf,4631,4631
0.0423716603583515,0.0833875584898865,0.0991331974031377,0.107602629217899,Using Contact Responses,2015,HI,rf,6089,6089
0.0365682513794605,0.107834677635688,0.116966811916873,0.116966811916873,Using Contact Responses,2017,HI,rf,6031,6031
0.0281009061866629,0.0628094724524842,0.0892369427427451,0.10204931535894,Not Using Contact Responses,2013,HI,rf,4631,4631
0.0423716603583515,0.0833875584898865,0.0939327027893167,0.104067032925501,Not Using Contact Responses,2015,HI,rf,6089,6089
0.0365682513794605,0.107834677635688,0.106189042683287,0.106189042683287,Not Using Contact Responses,2017,HI,rf,6031,6031
