real_missing_prop,real_prop,pred_prop,pred_prop_2017,predset,year,pred_state,model,n,n_non_missing
0.0157563359473316,0.0929028176031623,0.0951683657144702,0.102213595381459,Using Contact Responses,2015,NV,ols,1452,1452
0.0250174239447728,0.130572052976703,0.0783057841471072,0.0783057841471072,Using Contact Responses,2017,NV,ols,1667,1667
0.0157563359473316,0.0929028176031623,0.0930519573437796,0.100097187010769,Not Using Contact Responses,2015,NV,ols,1452,1452
0.0250174239447728,0.130572052976703,0.0723023358774788,0.0723023358774788,Not Using Contact Responses,2017,NV,ols,1667,1667
