real_missing_prop,real_prop,pred_prop,pred_prop_2017,predset,year,pred_state,model,n,n_non_missing
0.0146453469647078,0.059772000513074,0.066214407560485,0.0967713576858223,Using Contact Responses,2013,MI,ridgelog,4266,4266
0.0146320628399008,0.0825986970076306,0.102073379133343,0.114413200814656,Using Contact Responses,2015,MI,ridgelog,4816,4816
0.0198140125180054,0.087130996877782,0.122518818214814,0.122518818214814,Using Contact Responses,2017,MI,ridgelog,1626,1626
0.0146453469647078,0.059772000513074,0.0641824999529809,0.0976210526845835,Not Using Contact Responses,2013,MI,ridgelog,4266,4266
0.0146320628399008,0.0825986970076306,0.100766432680487,0.114384957730403,Not Using Contact Responses,2015,MI,ridgelog,4816,4816
0.0198140125180054,0.087130996877782,0.121712084834739,0.121712084834739,Not Using Contact Responses,2017,MI,ridgelog,1626,1626
