real_missing_prop,real_prop,pred_prop,pred_prop_2017,predset,year,pred_state,model,n,n_non_missing
0.0795057359573848,0.117408697019487,0.0865413643848132,0.0865413643848132,Not Using Contact Responses,2017,MD,ols,51087,51087
0.060170419278453,0.105672762642636,0.0789974254728163,0.0940771279491568,Using Contact Responses,2015,MD,ols,55596,55596
0.060170419278453,0.105672762642636,0.0736921027295405,0.0887718052058809,Not Using Contact Responses,2015,MD,ols,55596,55596
