real_missing_prop,real_prop,pred_prop,pred_prop_2017,predset,year,pred_state,model,n,n_non_missing
0.0547591247943839,0.0580503324467007,0.0607263690650275,0.0724660924272404,Using Contact Responses,2015,OK,ridge,1611,1611
0.0254729753344359,0.0951059503302818,0.0780183725594568,0.0780183725594568,Using Contact Responses,2017,OK,ridge,1649,1649
0.0547591247943839,0.0580503324467007,0.0622509554946298,0.0739906788568427,Not Using Contact Responses,2015,OK,ridge,1611,1611
0.0254729753344359,0.0951059503302818,0.07677308072417,0.07677308072417,Not Using Contact Responses,2017,OK,ridge,1649,1649
