real_missing_prop,real_prop,pred_prop,pred_prop_2017,predset,year,pred_state,model,n,n_non_missing
0.0229588959156148,0.0825797937555432,0.0881120027936802,0.091756973032504,Using Contact Responses,2015,PA,lassolog,2899,2899
0.0241760555475732,0.0907675070964858,0.126714198670356,0.126714198670356,Using Contact Responses,2017,PA,lassolog,3761,3761
0.0229588959156148,0.0825797937555432,0.0881936168002558,0.0922897596078336,Not Using Contact Responses,2015,PA,lassolog,2899,2899
0.0241760555475732,0.0907675070964858,0.13077010931289,0.13077010931289,Not Using Contact Responses,2017,PA,lassolog,3761,3761
