real_missing_prop,real_prop,pred_prop,pred_prop_2017,predset,year,pred_state,model,n,n_non_missing
0.0147512447826599,0.0756307522374961,0.0708404795572824,0.0789906463304248,Using Contact Responses,2015,CA,gbrt,1943,1943
0.00993085361777935,0.0930920308158224,0.106516202087011,0.106516202087011,Using Contact Responses,2017,CA,gbrt,1778,1778
0.0147512447826599,0.0756307522374961,0.0768066634698839,0.085792962457156,Not Using Contact Responses,2015,CA,gbrt,1943,1943
0.00993085361777935,0.0930920308158224,0.104471758095447,0.104471758095447,Not Using Contact Responses,2017,CA,gbrt,1778,1778
