real_missing_prop,real_prop,pred_prop,pred_prop_2017,predset,year,pred_state,model,n,n_non_missing
0.0188816605083887,0.0753629931178234,0.0641932674187469,0.0706620681425646,Using Contact Responses,2013,RI,lassolog,2453,2453
0.0264420987982099,0.0951338758955237,0.0886777180007861,0.0940818669271754,Using Contact Responses,2015,RI,lassolog,3462,3462
0.0157892793213527,0.109487118907166,0.096817651723947,0.096817651723947,Using Contact Responses,2017,RI,lassolog,2221,2221
0.0188816605083887,0.0753629931178234,0.0613719061637523,0.0684248791199433,Not Using Contact Responses,2013,RI,lassolog,2453,2453
0.0264420987982099,0.0951338758955237,0.0887268757417203,0.0949088274101976,Not Using Contact Responses,2015,RI,lassolog,3462,3462
0.0157892793213527,0.109487118907166,0.0953614478924771,0.0953614478924771,Not Using Contact Responses,2017,RI,lassolog,2221,2221
