real_missing_prop,real_prop,pred_prop,pred_prop_2017,predset,year,pred_state,model,n,n_non_missing
0.0372498864654442,0.0838786098499776,0.0926485062797749,0.0926485062797749,Using Contact Responses,2017,IA,logit,1691,1691
0.0372498864654442,0.0838786098499776,0.0938512503809479,0.0938512503809479,Not Using Contact Responses,2017,IA,logit,1691,1691
