real_missing_prop,real_prop,pred_prop,pred_prop_2017,predset,year,pred_state,model,n,n_non_missing
0.0980581137551197,0.0860333838988491,0.104717866026196,0.116097864540855,Using Contact Responses,2015,CT,gbrt,2398,2398
0.0432202742439176,0.105643059437242,0.12680456997817,0.12680456997817,Using Contact Responses,2017,CT,gbrt,2425,2425
0.0980581137551197,0.0860333838988491,0.104705174162802,0.114976754190429,Not Using Contact Responses,2015,CT,gbrt,2398,2398
0.0432202742439176,0.105643059437242,0.114538069830675,0.114538069830675,Not Using Contact Responses,2017,CT,gbrt,2425,2425
