real_missing_prop,real_prop,pred_prop,pred_prop_2017,predset,year,pred_state,model,n,n_non_missing
0.0462559653826705,0.0918595241935373,0.0812092314686728,0.0950948292984699,Using Contact Responses,2015,NY,logit,10834,10834
0.0356624156385554,0.112334567614473,0.0950948292984699,0.0950948292984699,Using Contact Responses,2017,NY,logit,11411,11411
0.0462559653826705,0.0918595241935373,0.0812092314686728,0.0950948292984699,Not Using Contact Responses,2015,NY,logit,10834,10834
0.0356624156385554,0.112334567614473,0.0950948292984699,0.0950948292984699,Not Using Contact Responses,2017,NY,logit,11411,11411
