real_missing_prop,real_prop,pred_prop,pred_prop_2017,predset,year,pred_state,model,n,n_non_missing
0.0462559653826705,0.0918595241935373,0.0909784469823341,0.10231791505579,Using Contact Responses,2015,NY,rf,10834,10834
0.0356624156385554,0.112334567614473,0.106007468392487,0.106007468392487,Using Contact Responses,2017,NY,rf,11411,11411
0.0462559653826705,0.0918595241935373,0.0739314875657916,0.0887338761261537,Not Using Contact Responses,2015,NY,rf,10834,10834
0.0356624156385554,0.112334567614473,0.0949612744259548,0.0949612744259548,Not Using Contact Responses,2017,NY,rf,11411,11411
