real_missing_prop,real_prop,pred_prop,pred_prop_2017,predset,year,pred_state,model,n,n_non_missing
0.00872280798294431,0.0763363600968691,0.0869755183518901,0.0989026655471936,Using Contact Responses,2015,MA,gbrt,3120,3120
0.0108063412068197,0.0906065943241341,0.121173231203136,0.121173231203136,Using Contact Responses,2017,MA,gbrt,3286,3286
0.00872280798294431,0.0763363600968691,0.0860444691674414,0.0991808911926902,Not Using Contact Responses,2015,MA,gbrt,3120,3120
0.0108063412068197,0.0906065943241341,0.114332557558093,0.114332557558093,Not Using Contact Responses,2017,MA,gbrt,3286,3286
