real_missing_prop,real_prop,pred_prop,pred_prop_2017,predset,year,pred_state,model,n,n_non_missing
0.0102228338102835,0.0302607378753822,0.0428277839894047,0.0445300563115645,Using Identity Responses,2013,NH,lasso,761,761
0.041579498741944,0.0326681613261769,0.0398362068414808,0.0398362068414808,Using Identity Responses,2017,NH,lasso,5986,5986
0.0102228338102835,0.0302607378753822,0.0495008897230542,0.051203162045214,Not Using Identity Responses,2013,NH,lasso,761,761
0.041579498741944,0.0326681613261769,0.0407084415050478,0.0407084415050478,Not Using Identity Responses,2017,NH,lasso,5986,5986
