real_missing_prop,real_prop,pred_prop,pred_prop_2017,predset,year,pred_state,model,n,n_non_missing
0.22718137224847,0.0718210335744726,0.0565400593453234,0.0565400593453234,Using Identity Responses,2017,SC,lassolog,692,692
0.22718137224847,0.0718210335744726,0.0432870183317756,0.0432870183317756,Not Using Identity Responses,2017,SC,lassolog,692,692
