real_missing_prop,real_prop,pred_prop,pred_prop_2017,predset,year,pred_state,model,n,n_non_missing
0.15748019911888,0.0573797749157556,0.0347561810246655,0.0362362484223276,Using Identity Responses,2015,AR,logit,1348,1348
0.180493396343631,0.0568098506161409,0.0362362484223276,0.0362362484223276,Using Identity Responses,2017,AR,logit,822,822
0.15748019911888,0.0573797749157556,0.0347561810246655,0.0362362484223276,Not Using Identity Responses,2015,AR,logit,1348,1348
0.180493396343631,0.0568098506161409,0.0362362484223276,0.0362362484223276,Not Using Identity Responses,2017,AR,logit,822,822
