real_missing_prop,real_prop,pred_prop,pred_prop_2017,predset,year,pred_state,model,n,n_non_missing
0.153080289307923,0.0435426718639301,0.0525753348123545,0.0496143323787408,Using Identity Responses,2015,MD,ridge,27127,27127
0.153080289307923,0.0435426718639301,0.0450620982386365,0.0421010958050229,Not Using Identity Responses,2015,MD,ridge,27127,27127
