real_missing_prop,real_prop,pred_prop,pred_prop_2017,predset,year,pred_state,model,n,n_non_missing
0.0531285953077541,0.0235657543319508,0.0192624425222981,0.0176314265879624,Using Identity Responses,2015,OK,lasso,831,831
0.0678678838871288,0.0287410460414176,0.0193325108457832,0.0193325108457832,Using Identity Responses,2017,OK,lasso,808,808
0.0531285953077541,0.0235657543319508,0.0275210371739767,0.025890021239641,Not Using Identity Responses,2015,OK,lasso,831,831
0.0678678838871288,0.0287410460414176,0.0236496889148768,0.0236496889148768,Not Using Identity Responses,2017,OK,lasso,808,808
