real_missing_prop,real_prop,pred_prop,pred_prop_2017,predset,year,pred_state,model,n,n_non_missing
0.064133763986934,0.0353830356398709,0.03726772175719,0.0367029372069442,Using Identity Responses,2015,MA,ridgelog,1542,1542
0.0824870631620168,0.0498931739393917,0.0451786471502078,0.0451786471502078,Using Identity Responses,2017,MA,ridgelog,1642,1642
0.064133763986934,0.0353830356398709,0.0371245829389397,0.0364584898614304,Not Using Identity Responses,2015,MA,ridgelog,1542,1542
0.0824870631620168,0.0498931739393917,0.0410867735723631,0.0410867735723631,Not Using Identity Responses,2017,MA,ridgelog,1642,1642
