real_missing_prop,real_prop,pred_prop,pred_prop_2017,predset,year,pred_state,model,n,n_non_missing
0.0704180033312693,0.0483938724736262,0.0559350312524401,0.0556891501465367,Using Identity Responses,2015,WY,rf,1206,1206
0.0704180033312693,0.0483938724736262,0.0474840754584073,0.0474408865121268,Not Using Identity Responses,2015,WY,rf,1206,1206
