real_missing_prop,real_prop,pred_prop,pred_prop_2017,predset,year,pred_state,model,n,n_non_missing
0.0102228338102835,0.0302607378753822,0.0398654211751125,0.0398654211751125,Using Identity Responses,2013,NH,lassolog,761,761
0.041579498741944,0.0326681613261769,0.0371969084992551,0.0371969084992551,Using Identity Responses,2017,NH,lassolog,5986,5986
0.0102228338102835,0.0302607378753822,0.0504251848854855,0.0504251848854855,Not Using Identity Responses,2013,NH,lassolog,761,761
0.041579498741944,0.0326681613261769,0.0372525962799169,0.0372525962799169,Not Using Identity Responses,2017,NH,lassolog,5986,5986
