real_missing_prop,real_prop,pred_prop,pred_prop_2017,predset,year,pred_state,model,n,n_non_missing
0.111897300350297,0.0338760189384786,0.0349802777581556,0.0353576752751788,Using Identity Responses,2013,DE,lassolog,1310,1310
0.0889954705349995,0.0332441154965651,0.0385543521545294,0.0379831473352558,Using Identity Responses,2015,DE,lassolog,1335,1335
0.0889358193680159,0.041897384903805,0.0371099631502836,0.0371099631502836,Using Identity Responses,2017,DE,lassolog,1387,1387
0.111897300350297,0.0338760189384786,0.0416247639861229,0.0421697265817056,Not Using Identity Responses,2013,DE,lassolog,1310,1310
0.0889954705349995,0.0332441154965651,0.0438795371926877,0.0431035969744544,Not Using Identity Responses,2015,DE,lassolog,1335,1335
0.0889358193680159,0.041897384903805,0.0375862791834226,0.0375862791834226,Not Using Identity Responses,2017,DE,lassolog,1387,1387
