real_missing_prop,real_prop,pred_prop,pred_prop_2017,predset,year,pred_state,model,n,n_non_missing
0.111897300350297,0.0338760189384786,0.04304703854447,0.0440718868516967,Using Identity Responses,2013,DE,ridgelog,1310,1310
0.0889954705349995,0.0332441154965651,0.0455315550553609,0.0452566535768054,Using Identity Responses,2015,DE,ridgelog,1335,1335
0.0889358193680159,0.041897384903805,0.0394532317201104,0.0394532317201104,Using Identity Responses,2017,DE,ridgelog,1387,1387
0.111897300350297,0.0338760189384786,0.0454975323532088,0.0467508499150759,Not Using Identity Responses,2013,DE,ridgelog,1310,1310
0.0889954705349995,0.0332441154965651,0.0461237785332553,0.0458050289757656,Not Using Identity Responses,2015,DE,ridgelog,1335,1335
0.0889358193680159,0.041897384903805,0.0355929647472519,0.0355929647472519,Not Using Identity Responses,2017,DE,ridgelog,1387,1387
