real_missing_prop,real_prop,pred_prop,pred_prop_2017,predset,year,pred_state,model,n,n_non_missing
0.22718137224847,0.0718210335744726,0.0568591073631282,0.0568591073631282,Using Identity Responses,2017,SC,ridge,692,692
0.22718137224847,0.0718210335744726,0.0469591288946917,0.0469591288946917,Not Using Identity Responses,2017,SC,ridge,692,692
