real_missing_prop,real_prop,pred_prop,pred_prop_2017,predset,year,pred_state,model,n,n_non_missing
0.0668438234201742,0.0490574347807898,0.0442210746293582,0.0456972646268503,Using Identity Responses,2015,IN,logit,904,904
0.0668438234201742,0.0490574347807898,0.0442210746293582,0.0456972646268503,Not Using Identity Responses,2015,IN,logit,904,904
