real_missing_prop,real_prop,pred_prop,pred_prop_2017,predset,year,pred_state,model,n,n_non_missing
0.196665610234488,0.0559368850679292,0.0431139372098066,0.0430905695832543,Using Identity Responses,2015,NY,lasso,5114,5114
0.164948597245875,0.0393244920558438,0.0571087743511319,0.0571087743511319,Using Identity Responses,2017,NY,lasso,5390,5390
0.196665610234488,0.0559368850679292,0.0410862160059066,0.0410628483793543,Not Using Identity Responses,2015,NY,lasso,5114,5114
0.164948597245875,0.0393244920558438,0.0452348419436676,0.0452348419436676,Not Using Identity Responses,2017,NY,lasso,5390,5390
