real_missing_prop,real_prop,pred_prop,pred_prop_2017,predset,year,pred_state,model,n,n_non_missing
0.15748019911888,0.0573797749157556,0.0672096399831818,0.0672042966300841,Using Identity Responses,2015,AR,rf,1348,1348
0.180493396343631,0.0568098506161409,0.0829394297307328,0.0829394297307328,Using Identity Responses,2017,AR,rf,822,822
0.15748019911888,0.0573797749157556,0.0586204877725125,0.0585128162627756,Not Using Identity Responses,2015,AR,rf,1348,1348
0.180493396343631,0.0568098506161409,0.0728749621546499,0.0728749621546499,Not Using Identity Responses,2017,AR,rf,822,822
