real_missing_prop,real_prop,pred_prop,pred_prop_2017,predset,year,pred_state,model,n,n_non_missing
0.0880894844722325,0.0539936985147831,0.0538533087010891,0.0521558215589115,Using Identity Responses,2015,WV,lasso,795,795
0.0941847897649265,0.0507547437343137,0.0477684505452016,0.0477684505452016,Using Identity Responses,2017,WV,lasso,779,779
0.0880894844722325,0.0539936985147831,0.0519767041195748,0.0502792169773971,Not Using Identity Responses,2015,WV,lasso,795,795
0.0941847897649265,0.0507547437343137,0.0471248086297891,0.0471248086297891,Not Using Identity Responses,2017,WV,lasso,779,779
