real_missing_prop,real_prop,pred_prop,pred_prop_2017,predset,year,pred_state,model,n,n_non_missing
0.0300836601082735,0.0323266133968375,0.0372857705138251,0.0372857705138251,Using Identity Responses,2015,VT,lassolog,10476,10476
0.0399137879718647,0.0371973252663913,0.0504236576203147,0.0504236576203147,Using Identity Responses,2017,VT,lassolog,10334,10334
0.0300836601082735,0.0323266133968375,0.0425948394881204,0.0425948394881204,Not Using Identity Responses,2015,VT,lassolog,10476,10476
0.0399137879718647,0.0371973252663913,0.0568616951358492,0.0568616951358492,Not Using Identity Responses,2017,VT,lassolog,10334,10334
