real_missing_prop,real_prop,pred_prop,pred_prop_2017,predset,year,pred_state,model,n,n_non_missing
0.0528561026306053,0.0275063113485452,0.0340241118603355,0.0331380779862806,Using Identity Responses,2015,CA,lassolog,929,929
0.0858947064474328,0.0450759894837462,0.046567399193048,0.046567399193048,Using Identity Responses,2017,CA,lassolog,896,896
0.0528561026306053,0.0275063113485452,0.0391696847984974,0.0379858411656686,Not Using Identity Responses,2015,CA,lassolog,929,929
0.0858947064474328,0.0450759894837462,0.0535206236318221,0.0535206236318221,Not Using Identity Responses,2017,CA,lassolog,896,896
