real_missing_prop,real_prop,pred_prop,pred_prop_2017,predset,year,pred_state,model,n,n_non_missing
0.03556633746535,0.0374483483610843,0.0434315995692907,0.0434437817023769,Not Using Identity Responses,2013,KY,gbrt,835,835
0.085513971756531,0.0353357958787894,0.0389397115678822,0.0388575842390976,Using Identity Responses,2015,KY,gbrt,1239,1239
0.104375688088924,0.0307737712614536,0.0436535671707821,0.0436535671707821,Using Identity Responses,2017,KY,gbrt,961,961
0.085513971756531,0.0353357958787894,0.0432716022704803,0.0430642856840719,Not Using Identity Responses,2015,KY,gbrt,1239,1239
0.104375688088924,0.0307737712614536,0.04023566445123,0.04023566445123,Not Using Identity Responses,2017,KY,gbrt,961,961
