real_missing_prop,real_prop,pred_prop,pred_prop_2017,predset,year,pred_state,model,n,n_non_missing
0.184776477300642,0.0260992083062037,0.0431407534105097,0.0436355408520469,Using Identity Responses,2013,NC,logit,902,902
0.0900611831195524,0.0467236357467239,0.0420041506102381,0.0436355408520469,Using Identity Responses,2015,NC,logit,3066,3066
0.0859306972804919,0.0506241620115915,0.0436355408520469,0.0436355408520469,Using Identity Responses,2017,NC,logit,1484,1484
0.184776477300642,0.0260992083062037,0.0431407534105097,0.0436355408520469,Not Using Identity Responses,2013,NC,logit,902,902
0.0900611831195524,0.0467236357467239,0.0420041506102381,0.0436355408520469,Not Using Identity Responses,2015,NC,logit,3066,3066
0.0859306972804919,0.0506241620115915,0.0436355408520469,0.0436355408520469,Not Using Identity Responses,2017,NC,logit,1484,1484
