real_missing_prop,real_prop,pred_prop,pred_prop_2017,predset,year,pred_state,model,n,n_non_missing
0.111897300350297,0.0338760189384786,-0.0106055491175616,-0.0120658710926498,Using Identity Responses,2013,DE,ols,1310,1310
0.0889954705349995,0.0332441154965651,0.0444877333936021,0.0377987622618354,Using Identity Responses,2015,DE,ols,1335,1335
0.0889358193680159,0.041897384903805,0.00558582274497006,0.00558582274497006,Using Identity Responses,2017,DE,ols,1387,1387
0.111897300350297,0.0338760189384786,-0.00250155358834837,-0.00396187556343653,Not Using Identity Responses,2013,DE,ols,1310,1310
0.0889954705349995,0.0332441154965651,0.0492700607775892,0.0425810896458225,Not Using Identity Responses,2015,DE,ols,1335,1335
0.0889358193680159,0.041897384903805,0.0101851659111427,0.0101851659111427,Not Using Identity Responses,2017,DE,ols,1387,1387
