real_missing_prop,real_prop,pred_prop,pred_prop_2017,predset,year,pred_state,model,n,n_non_missing
0.0221900235461991,0.0470585688484506,0.0310767897112687,0.0311664281054614,Using Identity Responses,2013,RI,ridgelog,1158,1158
0.0856577160161316,0.0444174039991978,0.0576739753612888,0.0573493144936272,Using Identity Responses,2015,RI,ridgelog,1693,1693
0.100200582993079,0.0484679210890653,0.0480507036008536,0.0480507036008536,Using Identity Responses,2017,RI,ridgelog,1070,1070
0.0221900235461991,0.0470585688484506,0.0259638531317848,0.0260573262459846,Not Using Identity Responses,2013,RI,ridgelog,1158,1158
0.0856577160161316,0.0444174039991978,0.0479193432314635,0.0475673848622755,Not Using Identity Responses,2015,RI,ridgelog,1693,1693
0.100200582993079,0.0484679210890653,0.0415315243463466,0.0415315243463466,Not Using Identity Responses,2017,RI,ridgelog,1070,1070
