real_missing_prop,real_prop,pred_prop,pred_prop_2017,predset,year,pred_state,model,n,n_non_missing
0.0704180033312693,0.0483938724736262,0.0497135589258362,0.0496922951516097,Using Identity Responses,2015,WY,gbrt,1206,1206
0.0704180033312693,0.0483938724736262,0.0496047117758681,0.0495267275217376,Not Using Identity Responses,2015,WY,gbrt,1206,1206
