real_missing_prop,real_prop,pred_prop,pred_prop_2017,predset,year,pred_state,model,n,n_non_missing
0.0801174373536286,0.0513727416438948,0.0539941312437187,0.0523774612398168,Using Identity Responses,2015,NM,lasso,4021,4021
0.0959166766682495,0.054749314660057,0.0471660335235466,0.0471660335235466,Using Identity Responses,2017,NM,lasso,2841,2841
0.0801174373536286,0.0513727416438948,0.0479073434015375,0.0462906733976356,Not Using Identity Responses,2015,NM,lasso,4021,4021
0.0959166766682495,0.054749314660057,0.0437657704116046,0.0437657704116046,Not Using Identity Responses,2017,NM,lasso,2841,2841
