real_missing_prop,real_prop,pred_prop,pred_prop_2017,predset,year,pred_state,model,n,n_non_missing
0.0757836463531547,0.0525821367759171,0.0325665600189596,0.0335715384498023,Using Identity Responses,2013,ME,lasso,4432,4432
0.0960699377030018,0.0483270885840694,0.036180248900997,0.0351559389073651,Using Identity Responses,2015,ME,lasso,4771,4771
0.0992016781926733,0.0558275074987893,0.0421355042878947,0.0421355042878947,Using Identity Responses,2017,ME,lasso,4675,4675
0.0757836463531547,0.0525821367759171,0.0379033568922781,0.0389083353231209,Not Using Identity Responses,2013,ME,lasso,4432,4432
0.0960699377030018,0.0483270885840694,0.0368575537543399,0.035833243760708,Not Using Identity Responses,2015,ME,lasso,4771,4771
0.0992016781926733,0.0558275074987893,0.0378834216652064,0.0378834216652064,Not Using Identity Responses,2017,ME,lasso,4675,4675
