real_missing_prop,real_prop,pred_prop,pred_prop_2017,predset,year,pred_state,model,n,n_non_missing
0.0704180033312693,0.0483938724736262,0.0494422780627046,0.0510189408846985,Using Identity Responses,2015,WY,logit,1206,1206
0.0704180033312693,0.0483938724736262,0.0494422780627046,0.0510189408846985,Not Using Identity Responses,2015,WY,logit,1206,1206
