real_missing_prop,real_prop,pred_prop,pred_prop_2017,predset,year,pred_state,model,n,n_non_missing
0.0221900235461991,0.0470585688484506,0.0332271764923759,0.0332271764923759,Using Identity Responses,2013,RI,gbrt,1158,1158
0.0856577160161316,0.0444174039991978,0.0528044876570523,0.0527617750199272,Using Identity Responses,2015,RI,gbrt,1693,1693
0.100200582993079,0.0484679210890653,0.044745347755281,0.044745347755281,Using Identity Responses,2017,RI,gbrt,1070,1070
0.0221900235461991,0.0470585688484506,0.0315639976026152,0.0315639976026152,Not Using Identity Responses,2013,RI,gbrt,1158,1158
0.0856577160161316,0.0444174039991978,0.0544798335320322,0.0543904383035407,Not Using Identity Responses,2015,RI,gbrt,1693,1693
0.100200582993079,0.0484679210890653,0.0468475708345745,0.0468475708345745,Not Using Identity Responses,2017,RI,gbrt,1070,1070
