real_missing_prop,real_prop,pred_prop,pred_prop_2017,predset,year,pred_state,model,n,n_non_missing
0.111897300350297,0.0338760189384786,0.0415223369022886,0.0448544839588733,Using Identity Responses,2013,DE,ridge,1310,1310
0.0889954705349995,0.0332441154965651,0.0491811153487992,0.0483556078553367,Using Identity Responses,2015,DE,ridge,1335,1335
0.0889358193680159,0.041897384903805,0.031317985606006,0.031317985606006,Using Identity Responses,2017,DE,ridge,1387,1387
0.111897300350297,0.0338760189384786,0.0456832288957594,0.0490153759523441,Not Using Identity Responses,2013,DE,ridge,1310,1310
0.0889954705349995,0.0332441154965651,0.0505015038770871,0.0496759963836245,Not Using Identity Responses,2015,DE,ridge,1335,1335
0.0889358193680159,0.041897384903805,0.0325003454676058,0.0325003454676058,Not Using Identity Responses,2017,DE,ridge,1387,1387
