real_missing_prop,real_prop,pred_prop,pred_prop_2017,predset,year,pred_state,model,n,n_non_missing
0.0757836463531547,0.0525821367759171,0.0426362121058784,0.0426245925691922,Using Identity Responses,2013,ME,rf,4432,4432
0.0960699377030018,0.0483270885840694,0.0437835724301101,0.0437188946090591,Using Identity Responses,2015,ME,rf,4771,4771
0.0992016781926733,0.0558275074987893,0.0496860922043212,0.0496860922043212,Using Identity Responses,2017,ME,rf,4675,4675
0.0757836463531547,0.0525821367759171,0.0344832681232361,0.0344921787467999,Not Using Identity Responses,2013,ME,rf,4432,4432
0.0960699377030018,0.0483270885840694,0.0315299617462947,0.0315631919793844,Not Using Identity Responses,2015,ME,rf,4771,4771
0.0992016781926733,0.0558275074987893,0.0337437697804126,0.0337437697804126,Not Using Identity Responses,2017,ME,rf,4675,4675
