real_missing_prop,real_prop,pred_prop,pred_prop_2017,predset,year,pred_state,model,n,n_non_missing
0.0704180033312693,0.0483938724736262,0.0520270151193667,0.0518585669801986,Using Identity Responses,2015,WY,ridgelog,1206,1206
0.0704180033312693,0.0483938724736262,0.0460961949442611,0.0459059650736484,Not Using Identity Responses,2015,WY,ridgelog,1206,1206
