real_missing_prop,real_prop,pred_prop,pred_prop_2017,predset,year,pred_state,model,n,n_non_missing
0.0228133081271638,0.0340487130612004,0.0683388909971705,0.0677924332430049,Using Identity Responses,2013,WI,ols,1401,1401
0.0634015782720238,0.0361089342621994,-0.00796058200155298,-0.00796058200155298,Using Identity Responses,2017,WI,ols,1022,1022
0.0228133081271638,0.0340487130612004,0.0748640743648544,0.0743176166106887,Not Using Identity Responses,2013,WI,ols,1401,1401
0.0634015782720238,0.0361089342621994,-0.00844857863714654,-0.00844857863714654,Not Using Identity Responses,2017,WI,ols,1022,1022
