real_missing_prop,real_prop,pred_prop,pred_prop_2017,predset,year,pred_state,model,n,n_non_missing
0.0668438234201742,0.0490574347807898,0.0353142163875423,0.0296873806381943,Using Identity Responses,2015,IN,ols,904,904
0.0668438234201742,0.0490574347807898,0.0257247687750356,0.0200979330256877,Not Using Identity Responses,2015,IN,ols,904,904
