real_missing_prop,real_prop,pred_prop,pred_prop_2017,predset,year,pred_state,model,n,n_non_missing
0.0102228338102835,0.0302607378753822,0.0424296290894808,0.0441054769834928,Using Identity Responses,2013,NH,logit,761,761
0.041579498741944,0.0326681613261769,0.0441054769834928,0.0441054769834928,Using Identity Responses,2017,NH,logit,5986,5986
0.0102228338102835,0.0302607378753822,0.0424296290894808,0.0441054769834928,Not Using Identity Responses,2013,NH,logit,761,761
0.041579498741944,0.0326681613261769,0.0441054769834928,0.0441054769834928,Not Using Identity Responses,2017,NH,logit,5986,5986
