real_missing_prop,real_prop,pred_prop,pred_prop_2017,predset,year,pred_state,model,n,n_non_missing
0.0729571314319849,0.0284471954150905,0.0406757255336833,0.0406757255336833,Using Identity Responses,2017,NE,lasso,717,717
0.0729571314319849,0.0284471954150905,0.0398549864562766,0.0398549864562766,Not Using Identity Responses,2017,NE,lasso,717,717
