real_missing_prop,real_prop,pred_prop,pred_prop_2017,predset,year,pred_state,model,n,n_non_missing
0.03556633746535,0.0374483483610843,0.043988458653219,0.0441466396292853,Not Using Identity Responses,2013,KY,rf,835,835
0.085513971756531,0.0353357958787894,0.0468299813792659,0.0469054912939053,Using Identity Responses,2015,KY,rf,1239,1239
0.104375688088924,0.0307737712614536,0.051028163108476,0.051028163108476,Using Identity Responses,2017,KY,rf,961,961
0.085513971756531,0.0353357958787894,0.0433523841785541,0.0433700168430899,Not Using Identity Responses,2015,KY,rf,1239,1239
0.104375688088924,0.0307737712614536,0.0413591423321979,0.0413591423321979,Not Using Identity Responses,2017,KY,rf,961,961
