real_missing_prop,real_prop,pred_prop,pred_prop_2017,predset,year,pred_state,model,n,n_non_missing
0.0531285953077541,0.0235657543319508,0.0275562669707915,0.027427202393993,Using Identity Responses,2015,OK,ridgelog,831,831
0.0678678838871288,0.0287410460414176,0.0302773392801018,0.0302773392801018,Using Identity Responses,2017,OK,ridgelog,808,808
0.0531285953077541,0.0235657543319508,0.0280416962645908,0.0278919144444822,Not Using Identity Responses,2015,OK,ridgelog,831,831
0.0678678838871288,0.0287410460414176,0.0280934927209008,0.0280934927209008,Not Using Identity Responses,2017,OK,ridgelog,808,808
