real_missing_prop,real_prop,pred_prop,pred_prop_2017,predset,year,pred_state,model,n,n_non_missing
0.0300836601082735,0.0323266133968375,0.0477068514012669,0.0479637436193144,Using Identity Responses,2015,VT,logit,10476,10476
0.0399137879718647,0.0371973252663913,0.0479637436193144,0.0479637436193144,Using Identity Responses,2017,VT,logit,10334,10334
0.0300836601082735,0.0323266133968375,0.0477068514012669,0.0479637436193144,Not Using Identity Responses,2015,VT,logit,10476,10476
0.0399137879718647,0.0371973252663913,0.0479637436193144,0.0479637436193144,Not Using Identity Responses,2017,VT,logit,10334,10334
