real_missing_prop,real_prop,pred_prop,pred_prop_2017,predset,year,pred_state,model,n,n_non_missing
0.0102228338102835,0.0302607378753822,0.0391784899852812,0.0392233337363596,Using Identity Responses,2013,NH,gbrt,761,761
0.041579498741944,0.0326681613261769,0.0386338573175926,0.0386338573175926,Using Identity Responses,2017,NH,gbrt,5986,5986
0.0102228338102835,0.0302607378753822,0.0481877127086983,0.0482582678800479,Not Using Identity Responses,2013,NH,gbrt,761,761
0.041579498741944,0.0326681613261769,0.0340858707120502,0.0340858707120502,Not Using Identity Responses,2017,NH,gbrt,5986,5986
