real_missing_prop,real_prop,pred_prop,pred_prop_2017,predset,year,pred_state,model,n,n_non_missing
0.0228133081271638,0.0340487130612004,0.0351465741023308,0.0354565179524136,Using Identity Responses,2013,WI,lasso,1401,1401
0.0634015782720238,0.0361089342621994,0.0459695050784997,0.0459695050784997,Using Identity Responses,2017,WI,lasso,1022,1022
0.0228133081271638,0.0340487130612004,0.0398254063666137,0.0401353502166966,Not Using Identity Responses,2013,WI,lasso,1401,1401
0.0634015782720238,0.0361089342621994,0.04367280086858,0.04367280086858,Not Using Identity Responses,2017,WI,lasso,1022,1022
