real_missing_prop,real_prop,pred_prop,pred_prop_2017,predset,year,pred_state,model,n,n_non_missing
0.0269422305078425,0.0526209321380296,0.0550708539484858,0.0588106419726154,Using Identity Responses,2013,HI,ridge,2160,2160
0.121211998080455,0.0486246950792213,0.065810552376223,0.0644999536795083,Using Identity Responses,2015,HI,ridge,3009,3009
0.10934362945089,0.0515936463268641,0.0843851400147186,0.0843851400147186,Using Identity Responses,2017,HI,ridge,2942,2942
0.0269422305078425,0.0526209321380296,0.0560276024971624,0.059767390521292,Not Using Identity Responses,2013,HI,ridge,2160,2160
0.121211998080455,0.0486246950792213,0.0591414084091465,0.0578308097124317,Not Using Identity Responses,2015,HI,ridge,3009,3009
0.10934362945089,0.0515936463268641,0.0741127108781676,0.0741127108781676,Not Using Identity Responses,2017,HI,ridge,2942,2942
