real_missing_prop,real_prop,pred_prop,pred_prop_2017,predset,year,pred_state,model,n,n_non_missing
0.0269422305078425,0.0526209321380296,0.0385999764989957,0.0395313314419131,Using Identity Responses,2013,HI,logit,2160,2160
0.121211998080455,0.0486246950792213,0.0384203603480241,0.0395313314419131,Using Identity Responses,2015,HI,logit,3009,3009
0.10934362945089,0.0515936463268641,0.0395313314419131,0.0395313314419131,Using Identity Responses,2017,HI,logit,2942,2942
0.0269422305078425,0.0526209321380296,0.0385999764989957,0.0395313314419131,Not Using Identity Responses,2013,HI,logit,2160,2160
0.121211998080455,0.0486246950792213,0.0384203603480241,0.0395313314419131,Not Using Identity Responses,2015,HI,logit,3009,3009
0.10934362945089,0.0515936463268641,0.0395313314419131,0.0395313314419131,Not Using Identity Responses,2017,HI,logit,2942,2942
