real_missing_prop,real_prop,pred_prop,pred_prop_2017,predset,year,pred_state,model,n,n_non_missing
0.0348909396725529,0.0422142028666438,0.0453009516399769,0.0465356335341545,Using Identity Responses,2013,MI,logit,2130,2130
0.0745228703889883,0.0370876970274294,0.0450792810708404,0.0465356335341545,Using Identity Responses,2015,MI,logit,2255,2255
0.068200496208367,0.0535917083807907,0.0465356335341545,0.0465356335341545,Using Identity Responses,2017,MI,logit,815,815
0.0348909396725529,0.0422142028666438,0.0453009516399769,0.0465356335341545,Not Using Identity Responses,2013,MI,logit,2130,2130
0.0745228703889883,0.0370876970274294,0.0450792810708404,0.0465356335341545,Not Using Identity Responses,2015,MI,logit,2255,2255
0.068200496208367,0.0535917083807907,0.0465356335341545,0.0465356335341545,Not Using Identity Responses,2017,MI,logit,815,815
