real_missing_prop,real_prop,pred_prop,pred_prop_2017,predset,year,pred_state,model,n,n_non_missing
0.0668438234201742,0.0490574347807898,0.0598946672309773,0.059920243090772,Using Identity Responses,2015,IN,rf,904,904
0.0668438234201742,0.0490574347807898,0.0406204846442695,0.0406578937584963,Not Using Identity Responses,2015,IN,rf,904,904
