real_missing_prop,real_prop,pred_prop,pred_prop_2017,predset,year,pred_state,model,n,n_non_missing
0.111897300350297,0.0338760189384786,0.0443594531650572,0.0443758478088677,Using Identity Responses,2013,DE,rf,1310,1310
0.0889954705349995,0.0332441154965651,0.0463927161025132,0.0462468220257997,Using Identity Responses,2015,DE,rf,1335,1335
0.0889358193680159,0.041897384903805,0.0471847233537461,0.0471847233537461,Using Identity Responses,2017,DE,rf,1387,1387
0.111897300350297,0.0338760189384786,0.0387440960984085,0.0388281762812698,Not Using Identity Responses,2013,DE,rf,1310,1310
0.0889954705349995,0.0332441154965651,0.0400299602353861,0.0400112327479322,Not Using Identity Responses,2015,DE,rf,1335,1335
0.0889358193680159,0.041897384903805,0.0372240550223472,0.0372240550223472,Not Using Identity Responses,2017,DE,rf,1387,1387
