real_missing_prop,real_prop,pred_prop,pred_prop_2017,predset,year,pred_state,model,n,n_non_missing
0.117201489206877,0.0328740767270927,0.01888247341982,0.01888247341982,Using Identity Responses,2017,IA,ols,861,861
0.117201489206877,0.0328740767270927,0.0222224753530976,0.0222224753530976,Not Using Identity Responses,2017,IA,ols,861,861
