real_missing_prop,real_prop,pred_prop,pred_prop_2017,predset,year,pred_state,model,n,n_non_missing
0.22718137224847,0.0718210335744726,0.063702453285735,0.063702453285735,Using Identity Responses,2017,SC,rf,692,692
0.22718137224847,0.0718210335744726,0.0489713183952102,0.0489713183952102,Not Using Identity Responses,2017,SC,rf,692,692
