real_missing_prop,real_prop,pred_prop,pred_prop_2017,predset,year,pred_state,model,n,n_non_missing
0.163145888421112,0.0336343997727068,0.0450748687019046,0.0451214857350297,Using Identity Responses,2015,CT,rf,1186,1186
0.109734638923077,0.0574327735041058,0.0466147443613962,0.0466147443613962,Using Identity Responses,2017,CT,rf,1197,1197
0.163145888421112,0.0336343997727068,0.0331016866302646,0.0330557431543694,Not Using Identity Responses,2015,CT,rf,1186,1186
0.109734638923077,0.0574327735041058,0.0343525261291357,0.0343525261291357,Not Using Identity Responses,2017,CT,rf,1197,1197
