real_missing_prop,real_prop,pred_prop,pred_prop_2017,predset,year,pred_state,model,n,n_non_missing
0.184776477300642,0.0260992083062037,0.0477437086152319,0.0375793733930109,Using Identity Responses,2013,NC,ols,902,902
0.0900611831195524,0.0467236357467239,0.0450925480829806,0.0420484305836294,Using Identity Responses,2015,NC,ols,3066,3066
0.0859306972804919,0.0506241620115915,0.0645122477715044,0.0645122477715044,Using Identity Responses,2017,NC,ols,1484,1484
0.184776477300642,0.0260992083062037,0.0561669308805995,0.0460025956583784,Not Using Identity Responses,2013,NC,ols,902,902
0.0900611831195524,0.0467236357467239,0.0483212152223887,0.0452770977230376,Not Using Identity Responses,2015,NC,ols,3066,3066
0.0859306972804919,0.0506241620115915,0.0633536697101639,0.0633536697101639,Not Using Identity Responses,2017,NC,ols,1484,1484
