real_missing_prop,real_prop,pred_prop,pred_prop_2017,predset,year,pred_state,model,n,n_non_missing
0.0221900235461991,0.0470585688484506,-0.0928253938490202,-0.0887773207150474,Using Identity Responses,2013,RI,ols,1158,1158
0.0856577160161316,0.0444174039991978,0.0243383077660415,0.0181333820617219,Using Identity Responses,2015,RI,ols,1693,1693
0.100200582993079,0.0484679210890653,0.0258164775362292,0.0258164775362292,Using Identity Responses,2017,RI,ols,1070,1070
0.0221900235461991,0.0470585688484506,-0.088402902377291,-0.0843548292433181,Not Using Identity Responses,2013,RI,ols,1158,1158
0.0856577160161316,0.0444174039991978,0.0220015148921248,0.0157965891878052,Not Using Identity Responses,2015,RI,ols,1693,1693
0.100200582993079,0.0484679210890653,0.0260729122946891,0.0260729122946891,Not Using Identity Responses,2017,RI,ols,1070,1070
