real_missing_prop,real_prop,pred_prop,pred_prop_2017,predset,year,pred_state,model,n,n_non_missing
0.15748019911888,0.0573797749157556,0.0691635870854907,0.0683639607360807,Using Identity Responses,2015,AR,ridgelog,1348,1348
0.180493396343631,0.0568098506161409,0.0816230548005868,0.0816230548005868,Using Identity Responses,2017,AR,ridgelog,822,822
0.15748019911888,0.0573797749157556,0.0574250759673541,0.0565477150904736,Not Using Identity Responses,2015,AR,ridgelog,1348,1348
0.180493396343631,0.0568098506161409,0.0615873522876779,0.0615873522876779,Not Using Identity Responses,2017,AR,ridgelog,822,822
