real_missing_prop,real_prop,pred_prop,pred_prop_2017,predset,year,pred_state,model,n,n_non_missing
0.0294647771499304,0.0511845573185834,0.159641648455302,0.165405460543844,Using Identity Responses,2013,IL,ols,1522,1522
0.119671327632939,0.0567389968190433,0.0592314945394424,0.0544184875346566,Using Identity Responses,2015,IL,ols,1634,1634
0.121421105479847,0.0474918238932384,0.0644948596840799,0.0644948596840799,Using Identity Responses,2017,IL,ols,2388,2388
0.0294647771499304,0.0511845573185834,0.160255061399061,0.166018873487602,Not Using Identity Responses,2013,IL,ols,1522,1522
0.119671327632939,0.0567389968190433,0.055182020712355,0.0503690137075692,Not Using Identity Responses,2015,IL,ols,1634,1634
0.121421105479847,0.0474918238932384,0.0645623097317587,0.0645623097317587,Not Using Identity Responses,2017,IL,ols,2388,2388
