real_missing_prop,real_prop,pred_prop,pred_prop_2017,predset,year,pred_state,model,n,n_non_missing
0.03556633746535,0.0374483483610843,0.0404501059934005,0.0411211250420275,Not Using Identity Responses,2013,KY,lassolog,835,835
0.085513971756531,0.0353357958787894,0.038474889228565,0.037749569229459,Using Identity Responses,2015,KY,lassolog,1239,1239
0.104375688088924,0.0307737712614536,0.0438296229783606,0.0438296229783606,Using Identity Responses,2017,KY,lassolog,961,961
0.085513971756531,0.0353357958787894,0.0426593518506835,0.0417348580294435,Not Using Identity Responses,2015,KY,lassolog,1239,1239
0.104375688088924,0.0307737712614536,0.0411769028394516,0.0411769028394516,Not Using Identity Responses,2017,KY,lassolog,961,961
