real_missing_prop,real_prop,pred_prop,pred_prop_2017,predset,year,pred_state,model,n,n_non_missing
0.0801174373536286,0.0513727416438948,0.0472688427763354,0.0449123568472822,Using Identity Responses,2015,NM,ridge,4021,4021
0.0959166766682495,0.054749314660057,0.0443189958926939,0.0443189958926939,Using Identity Responses,2017,NM,ridge,2841,2841
0.0801174373536286,0.0513727416438948,0.0408597432721265,0.0385032573430733,Not Using Identity Responses,2015,NM,ridge,4021,4021
0.0959166766682495,0.054749314660057,0.0402029228124313,0.0402029228124313,Not Using Identity Responses,2017,NM,ridge,2841,2841
