real_missing_prop,real_prop,pred_prop,pred_prop_2017,predset,year,pred_state,model,n,n_non_missing
0.0704180033312693,0.0483938724736262,0.0545057524580856,0.0528432959899356,Using Identity Responses,2015,WY,lasso,1206,1206
0.0704180033312693,0.0483938724736262,0.0547833014717759,0.0531208450036258,Not Using Identity Responses,2015,WY,lasso,1206,1206
