real_missing_prop,real_prop,pred_prop,pred_prop_2017,predset,year,pred_state,model,n,n_non_missing
0.0680319719853993,0.0387158925860245,0.0439093431667096,0.0438508371710522,Using Identity Responses,2015,PA,rf,1448,1448
0.0740767452863047,0.0324504982182546,0.0491457928877323,0.0491457928877323,Using Identity Responses,2017,PA,rf,1876,1876
0.0680319719853993,0.0387158925860245,0.0354645085405336,0.0354069496004158,Not Using Identity Responses,2015,PA,rf,1448,1448
0.0740767452863047,0.0324504982182546,0.0428396012739781,0.0428396012739781,Not Using Identity Responses,2017,PA,rf,1876,1876
