real_missing_prop,real_prop,pred_prop,pred_prop_2017,predset,year,pred_state,model,n,n_non_missing
0.163145888421112,0.0336343997727068,0.0411740287147381,0.0421307975074306,Using Identity Responses,2015,CT,logit,1186,1186
0.109734638923077,0.0574327735041058,0.0421307975074306,0.0421307975074306,Using Identity Responses,2017,CT,logit,1197,1197
0.163145888421112,0.0336343997727068,0.0411740287147381,0.0421307975074306,Not Using Identity Responses,2015,CT,logit,1186,1186
0.109734638923077,0.0574327735041058,0.0421307975074306,0.0421307975074306,Not Using Identity Responses,2017,CT,logit,1197,1197
