real_missing_prop,real_prop,pred_prop,pred_prop_2017,predset,year,pred_state,model,n,n_non_missing
0.0978752013760653,0.0329439253985254,0.00284532223238226,0.00556629828930904,Using Identity Responses,2013,FL,ridge,2962,2962
0.0958540188751205,0.0392121055217614,0.00477561543945154,0.00367650422156551,Using Identity Responses,2015,FL,ridge,3081,3081
0.0888800061518373,0.0397741115667317,0.0162914776216111,0.0162914776216111,Using Identity Responses,2017,FL,ridge,2937,2937
0.0978752013760653,0.0329439253985254,0.00651327233084065,0.00923424838776744,Not Using Identity Responses,2013,FL,ridge,2962,2962
0.0958540188751205,0.0392121055217614,0.00570221485635118,0.00460310363846515,Not Using Identity Responses,2015,FL,ridge,3081,3081
0.0888800061518373,0.0397741115667317,0.0144904825213301,0.0144904825213301,Not Using Identity Responses,2017,FL,ridge,2937,2937
