real_missing_prop,real_prop,pred_prop,pred_prop_2017,predset,year,pred_state,model,n,n_non_missing
0.0978752013760653,0.0329439253985254,0.0477029490468447,0.0476700924289656,Using Identity Responses,2013,FL,rf,2962,2962
0.0958540188751205,0.0392121055217614,0.0497019856462946,0.0497177081151845,Using Identity Responses,2015,FL,rf,3081,3081
0.0888800061518373,0.0397741115667317,0.0493857256475544,0.0493857256475544,Using Identity Responses,2017,FL,rf,2937,2937
0.0978752013760653,0.0329439253985254,0.0423793013202615,0.0423674033615853,Not Using Identity Responses,2013,FL,rf,2962,2962
0.0958540188751205,0.0392121055217614,0.0395944410623895,0.0396778581093281,Not Using Identity Responses,2015,FL,rf,3081,3081
0.0888800061518373,0.0397741115667317,0.0382358787942637,0.0382358787942637,Not Using Identity Responses,2017,FL,rf,2937,2937
